<?xml version="1.0" encoding="UTF-8"?>
<window id="1295">	
	<backgroundcolor>00X000000</backgroundcolor>
	<onunload>clearproperty(titre_1295,home)</onunload>
	<onunload>clearproperty(texte_1295,home)</onunload>
	<onunload>cancelalarm(fermer_1295,silent)</onunload>
	<defaultcontrol always="true">8000</defaultcontrol>
<controls>
	<control type="group">		
		<animation effect="fade" start="0" end="100" delay="200" time="100">windowopen</animation>
		<animation effect="fade" start="100" end="0" time="100">windowclose</animation>
	<control type="image">																														<description>masque arriere plan</description>
		<aspectratio>scale</aspectratio>
		<texture colordiffuse="80000000">commun/texture.png</texture>				
	</control>
	<control type="image">
		<top>340</top>
		<left>590</left>
		<width>740</width>
		<height>400</height>
		<aspectratio>stretch</aspectratio>
		<texture colordiffuse="fff0f0f0" border="50">commun/bouton.png</texture>
	</control>
	<control type="image">
		<top>420</top>
		<left>595</left>
		<width>730</width>
		<height>240</height>
		<aspectratio>stretch</aspectratio>
		<texture colordiffuse="1a000000" border="50">commun/bouton.png</texture>
	</control>
	<control type="label">																														<description>titre</description>
		<top>340</top>
		<left>590</left>
		<width>740</width>
		<height>80</height>			
		<font>menu</font>
		<textcolor>$VAR[gris]</textcolor>
		<align>center</align>	
		<label>$LOCALIZE[284]</label>		
	</control>	
	<control type="textbox">																													<description>texte</description>
		<top>421</top>
		<left>605</left>
		<width>710</width>
		<height>238</height>
		<textcolor>$VAR[gris]</textcolor>
		<font>texte</font>
		<label>$LOCALIZE[31354]</label>
		<autoscroll delay="4000" time="4000" repeat="4000">true</autoscroll>
	</control>	
	<control type="grouplist" id="8000">																										<description>liste boutons</description>	
		<top>680</top>
		<left>500</left>
		<width>900</width>
		<height>40</height>
		<itemgap>10</itemgap>
		<onup>5</onup>
		<align>center</align>
		<orientation>horizontal</orientation>		
	<control type="button" id="10">
		<width>auto</width>
		<onclick>action(close)</onclick>
	<include content="petit_bouton">
		<param name="texturenofocus_colordiffuse" value="1a000000"/>
		<param name="focusedcolor" value="ffffffff"/>
		<param name="align" value="center"/>
		<param name="label" value="15067"/>
	</include>			
	</control>
	</control>	
	</control>
</controls>
</window>