<?xml version="1.0" encoding="utf-8"?>
<window type="dialog" id="1221">
	<backgroundcolor>00X000000</backgroundcolor>
	<defaultcontrol always="true">15</defaultcontrol>
<controls>
	<control type="progress" id="1111">
		<info>Player.Volume</info>
		<visible>false</visible>
	</control>
	<control type="group">					
	<animation type="WindowOpen">
        <effect type="slide" start="0,-70" end="0,0" time="325"/>
    </animation>
	<animation type="WindowClose">
        <effect type="slide" start="0,0" end="0,-70" time="325"/>
    </animation>	
	<control type="label">																														<description>titre</description>
		<left>0</left>
		<top>30</top>
		<width>1900</width>
		<height>40</height>
		<align>right</align>		
		<aligny>center</aligny>
		<font>label</font>
		<textcolor>ffffffff</textcolor>
		<label>$LOCALIZE[31270]</label>
	</control>
	<control type="label">																														<description>position du slider</description>
		<left>0</left>
		<top>30</top>
		<width>1920</width>
		<height>40</height>
		<align>center</align>
		<label>$VAR[opacite_OSD]</label>
	</control>
	<control type="image">																														<description>slider</description>
		<left>0</left>
		<top>6</top>
		<width>1920</width>
		<height>12</height>
		<texture colordiffuse="ffffffff">commun/texture.png</texture>				
	</control>
	<control type="image" id="11">																												<description>slider</description>
		<left>0</left>
		<top>7</top>
		<width>96</width>
		<height>10</height>
		<texture colordiffuse="$VAR[couleur_dominante]">commun/texture.png</texture>
		<animation effect="slide" start="0,0," end="0,0" condition="string.isequal(skin.string(opacite_OSD),00)">conditional</animation>
		<animation effect="slide" start="0,0," end="96,0" condition="string.isequal(skin.string(opacite_OSD),0d)">conditional</animation>
		<animation effect="slide" start="0,0," end="192,0" condition="string.isequal(skin.string(opacite_OSD),1a)">conditional</animation>
		<animation effect="slide" start="0,0," end="288,0" condition="string.isequal(skin.string(opacite_OSD),26)">conditional</animation>
		<animation effect="slide" start="0,0," end="384,0" condition="string.isequal(skin.string(opacite_OSD),33)">conditional</animation>
		<animation effect="slide" start="0,0," end="480,0" condition="string.isequal(skin.string(opacite_OSD),40)">conditional</animation>
		<animation effect="slide" start="0,0," end="576,0" condition="string.isequal(skin.string(opacite_OSD),4d)">conditional</animation>
		<animation effect="slide" start="0,0," end="672,0" condition="string.isequal(skin.string(opacite_OSD),59)">conditional</animation>
		<animation effect="slide" start="0,0," end="768,0" condition="string.isequal(skin.string(opacite_OSD),66)">conditional</animation>
		<animation effect="slide" start="0,0," end="864,0" condition="string.isequal(skin.string(opacite_OSD),73)">conditional</animation>
		<animation effect="slide" start="0,0," end="960,0" condition="string.isequal(skin.string(opacite_OSD),80)">conditional</animation>
		<animation effect="slide" start="0,0," end="1056,0" condition="string.isequal(skin.string(opacite_OSD),8c)">conditional</animation>
		<animation effect="slide" start="0,0," end="1152,0" condition="string.isequal(skin.string(opacite_OSD),99)">conditional</animation>
		<animation effect="slide" start="0,0," end="1248,0" condition="string.isequal(skin.string(opacite_OSD),a6)">conditional</animation>
		<animation effect="slide" start="0,0," end="1344,0" condition="string.isequal(skin.string(opacite_OSD),b3)">conditional</animation>
		<animation effect="slide" start="0,0," end="1440,0" condition="string.isequal(skin.string(opacite_OSD),bf)">conditional</animation>
		<animation effect="slide" start="0,0," end="1536,0" condition="string.isequal(skin.string(opacite_OSD),cc)">conditional</animation>
		<animation effect="slide" start="0,0," end="1632,0" condition="string.isequal(skin.string(opacite_OSD),d9)">conditional</animation>
		<animation effect="slide" start="0,0," end="1728,0" condition="string.isequal(skin.string(opacite_OSD),e6)">conditional</animation>
		<animation effect="slide" start="0,0," end="1824,0" condition="string.isequal(skin.string(opacite_OSD),f2)">conditional</animation>	
	</control>
	<control type="button" id="15">																												<description>slider</description>			
		<oninfo>noop</oninfo>
		<onclick>action(back)</onclick>		
		<onright condition="string.isequal(skin.string(opacite_OSD),00)">skin.setstring(opacite_OSD,0d)</onright>		
		<onright condition="string.isequal(skin.string(opacite_OSD),0d)">skin.setstring(opacite_OSD,1a)</onright>		
		<onright condition="string.isequal(skin.string(opacite_OSD),1a)">skin.setstring(opacite_OSD,26)</onright>		
		<onright condition="string.isequal(skin.string(opacite_OSD),26)">skin.setstring(opacite_OSD,33)</onright>				
		<onright condition="string.isequal(skin.string(opacite_OSD),33)">skin.setstring(opacite_OSD,40)</onright>		
		<onright condition="string.isequal(skin.string(opacite_OSD),40)">skin.setstring(opacite_OSD,4d)</onright>		
		<onright condition="string.isequal(skin.string(opacite_OSD),4d)">skin.setstring(opacite_OSD,59)</onright>		
		<onright condition="string.isequal(skin.string(opacite_OSD),59)">skin.setstring(opacite_OSD,66)</onright>		
		<onright condition="string.isequal(skin.string(opacite_OSD),66)">skin.setstring(opacite_OSD,73)</onright>		
		<onright condition="string.isequal(skin.string(opacite_OSD),73)">skin.setstring(opacite_OSD,80)</onright>				
		<onright condition="string.isequal(skin.string(opacite_OSD),80)">skin.setstring(opacite_OSD,8c)</onright>		
		<onright condition="string.isequal(skin.string(opacite_OSD),8c)">skin.setstring(opacite_OSD,99)</onright>		
		<onright condition="string.isequal(skin.string(opacite_OSD),99)">skin.setstring(opacite_OSD,a6)</onright>		
		<onright condition="string.isequal(skin.string(opacite_OSD),a6)">skin.setstring(opacite_OSD,b3)</onright>		
		<onright condition="string.isequal(skin.string(opacite_OSD),b3)">skin.setstring(opacite_OSD,bf)</onright>		
		<onright condition="string.isequal(skin.string(opacite_OSD),bf)">skin.setstring(opacite_OSD,cc)</onright>
		<onright condition="string.isequal(skin.string(opacite_OSD),cc)">skin.setstring(opacite_OSD,d9)</onright>		
		<onright condition="string.isequal(skin.string(opacite_OSD),d9)">skin.setstring(opacite_OSD,e6)</onright>		
		<onright condition="string.isequal(skin.string(opacite_OSD),e6)">skin.setstring(opacite_OSD,f2)</onright>			
		<onleft condition="string.isequal(skin.string(opacite_OSD),f2)">skin.setstring(opacite_OSD,e6)</onleft>		
		<onleft condition="string.isequal(skin.string(opacite_OSD),e6)">skin.setstring(opacite_OSD,d9)</onleft>
		<onleft condition="string.isequal(skin.string(opacite_OSD),d9)">skin.setstring(opacite_OSD,cc)</onleft>		
		<onleft condition="string.isequal(skin.string(opacite_OSD),cc)">skin.setstring(opacite_OSD,bf)</onleft>				
		<onleft condition="string.isequal(skin.string(opacite_OSD),bf)">skin.setstring(opacite_OSD,b3)</onleft>		
		<onleft condition="string.isequal(skin.string(opacite_OSD),b3)">skin.setstring(opacite_OSD,a6)</onleft>
		<onleft condition="string.isequal(skin.string(opacite_OSD),a6)">skin.setstring(opacite_OSD,99)</onleft>		
		<onleft condition="string.isequal(skin.string(opacite_OSD),99)">skin.setstring(opacite_OSD,8c)</onleft>								
		<onleft condition="string.isequal(skin.string(opacite_OSD),8c)">skin.setstring(opacite_OSD,80)</onleft>				
		<onleft condition="string.isequal(skin.string(opacite_OSD),80)">skin.setstring(opacite_OSD,73)</onleft>		
		<onleft condition="string.isequal(skin.string(opacite_OSD),73)">skin.setstring(opacite_OSD,66)</onleft>
		<onleft condition="string.isequal(skin.string(opacite_OSD),66)">skin.setstring(opacite_OSD,59)</onleft>		
		<onleft condition="string.isequal(skin.string(opacite_OSD),59)">skin.setstring(opacite_OSD,4d)</onleft>				
		<onleft condition="string.isequal(skin.string(opacite_OSD),4d)">skin.setstring(opacite_OSD,40)</onleft>		
		<onleft condition="string.isequal(skin.string(opacite_OSD),40)">skin.setstring(opacite_OSD,33)</onleft>
		<onleft condition="string.isequal(skin.string(opacite_OSD),33)">skin.setstring(opacite_OSD,26)</onleft>		
		<onleft condition="string.isequal(skin.string(opacite_OSD),26)">skin.setstring(opacite_OSD,1a)</onleft>								
		<onleft condition="string.isequal(skin.string(opacite_OSD),1a)">skin.setstring(opacite_OSD,0d)</onleft>				
		<onleft condition="string.isequal(skin.string(opacite_OSD),0d)">skin.setstring(opacite_OSD,00)</onleft>			
		<texturesliderbar colordiffuse="ffffffff">boutons/slider_background.png</texturesliderbar>
		<textureslidernibfocus colordiffuse="$VAR[couleur_dominante]">boutons/slider.png</textureslidernibfocus>			
	</control>
	</control>	
</controls>
</window>
