<?xml version="1.0" encoding="UTF-8"?>
<window>					
	<backgroundcolor>00X000000</backgroundcolor>
	<onload>cancelalarm(actualiser_widget_tv,silent)</onload>			
	<onload>cancelalarm(actualiser_widget_tv2,silent)</onload>
	<onunload condition="window.isvisible(MyPVRChannels.xml)">alarmclock(actualiser_widget_tv2,control.setfocus(1299),00:02,loop,silent)</onunload>	
	<onunload condition="window.isvisible(home) + string.isequal(window(home).property(menu),$LOCALIZE[31171])">alarmclock(actualiser_widget_tv,activatewindow(1299),00:02,loop,silent)</onunload>		
	<defaultcontrol always="true">8000</defaultcontrol>	
<controls>	
	<control type="progress" id="1111">
		<info>Player.Volume</info>
		<visible>false</visible>
	</control>
	<control type="group">		
		<animation effect="fade" start="0" end="100" delay="200" time="100">windowopen</animation>
		<animation effect="fade" start="100" end="0" time="100">windowclose</animation>
	<control type="image">																														<description>masque arriere plan</description>
		<visible>!window.isvisible(VideoFullScreen.xml)</visible>
		<aspectratio>scale</aspectratio>
		<texture colordiffuse="80000000">commun/texture.png</texture>				
	</control>
	<control type="image">
		<top>340</top>
		<left>590</left>
		<width>740</width>
		<height>400</height>
		<aspectratio>stretch</aspectratio>
		<texture colordiffuse="fff0f0f0" border="50">commun/bouton.png</texture>
	</control>
	<control type="image">
		<top>420</top>
		<left>595</left>
		<width>730</width>
		<height>240</height>
		<aspectratio>stretch</aspectratio>
		<texture colordiffuse="1a000000" border="50">commun/bouton.png</texture>
	</control>
	<control type="label" id="1">																												<description>titre</description>
		<top>340</top>
		<left>590</left>
		<width>740</width>
		<height>80</height>			
		<font>menu</font>
		<textcolor>$VAR[gris]</textcolor>
		<align>center</align>		
	</control>	
	<control type="textbox" id="9">																												<description>texte</description>
		<top>421</top>
		<left>605</left>
		<width>710</width>
		<height>238</height>
		<textcolor>$VAR[gris]</textcolor>
		<font>texte</font>
		<autoscroll delay="4000" time="4000" repeat="4000">true</autoscroll>
	</control>	
	<control type="progress" id="20">
		<top>640</top>
		<left>620</left>
		<width>680</width>
		<height>8</height>
		<reveal>true</reveal>
		<texturebg colordiffuse="1a000000">commun/texture.png</texturebg>
		<midtexture colordiffuse="$VAR[couleur_dominante]">commun/texture.png</midtexture>
		<info>System.Progressbar</info>
	</control>	
	<control type="grouplist" id="8000">																										<description>liste boutons</description>	
		<top>680</top>
		<left>500</left>
		<width>900</width>
		<height>40</height>
		<itemgap>10</itemgap>
		<onup>5</onup>
		<align>center</align>
		<orientation>horizontal</orientation>		
	<control type="button" id="10">
		<width>auto</width>
	<include content="petit_bouton">
		<param name="texturenofocus_colordiffuse" value="1a000000"/>
		<param name="focusedcolor" value="ffffffff"/>
		<param name="align" value="center"/>
	</include>			
	</control>
	<control type="button" id="11">	
		<width>auto</width>																											
	<include content="petit_bouton">
		<param name="texturenofocus_colordiffuse" value="1a000000"/>
		<param name="focusedcolor" value="ffffffff"/>
		<param name="align" value="center"/>
	</include>			
	</control>
	<control type="button" id="12">	
		<width>auto</width>																											
	<include content="petit_bouton">
		<param name="texturenofocus_colordiffuse" value="1a000000"/>
		<param name="focusedcolor" value="ffffffff"/>
		<param name="align" value="center"/>	
	</include>			
	</control>	
	</control>	
	</control>
</controls>
</window>