<?xml version="1.0" encoding="UTF-8"?>
<window>
	<backgroundcolor>00X000000</backgroundcolor>
	<defaultcontrol always="true">450</defaultcontrol>
<controls>			
	<control type="group">
	<include>animation_dialogue</include>	
	<include>image_fond</include>																												<description>image de fond</description>	
	<control type="label">																														<description>horloge</description>
		<right>60</right>
		<height>116</height>			
		<font>menu</font>
		<textcolor>80ffffff</textcolor>
		<align>right</align>
		<label>$INFO[system.time(hh:mm)]</label>		
	</control>	
	<control type="label" id="411">																												<description>titre</description>	
		<height>140</height>
		<align>center</align>
		<font>titre</font>		
	</control>	
	<include content="barre_separation_horizontale">																							<description>barre de separation horizontale</description>
		<param name="left" value="50"/> 
		<param name="right" value="50"/>
		<param name="bottom" value="940"/>		
	</include>	
	<control type="list" id="450">																												<description>listes simple</description>		
		<top>190</top>
		<left>500</left>
		<width>700</width>
		<height>810</height>		
		<onleft>8000</onleft>
		<onright>61</onright>
		<pagecontrol>61</pagecontrol>
		<scrolltime tween="linear" easing="out">250</scrolltime>
		<orientation>vertical</orientation>	
	<itemlayout height="100">		
	<control type="group">
		<top>10</top>	
	<control type="button">
	<include content="bouton">																											
		<param name="width" value="700"/> 
		<param name="height" value="80"/> 		
	</include>		
	</control>
	<control type="image">	
		<left>10</left>
		<top>10</top>
		<width>60</width>
		<height>60</height>
		<texture background="true" fallback="defaultfolder.png">$INFO[ListItem.Icon]</texture>
		<aspectratio>keep</aspectratio>
	</control>
	<control type="label">
		<left>60</left>
		<right>0</right>
		<height>80</height>
		<textoffsetx>20</textoffsetx>
		<label>$INFO[ListItem.Label]</label>		
	</control>
	</control>
	</itemlayout>
	<focusedlayout height="100">		
	<control type="group">
		<top>10</top>
	<control type="button">
	<include content="bouton">																											
		<param name="width" value="700"/> 
		<param name="height" value="80"/> 		
	</include>		
	</control>
	<control type="button">
	<include content="bouton">
		<param name="width" value="700"/> 
		<param name="height" value="80"/>
		<param name="texturenofocus_colordiffuse" value="$VAR[couleur_dominante]"/>
	</include>
		<animation effect="fade" start="100" end="75" condition="true">conditional</animation>
	</control>
	<control type="image">	
		<left>10</left>
		<top>10</top>
		<width>60</width>
		<height>60</height>
		<texture background="true" fallback="defaultfolder.png">$INFO[ListItem.Icon]</texture>
		<aspectratio>keep</aspectratio>
	</control>
	<control type="label">
		<left>60</left>
		<right>0</right>
		<height>80</height>
		<textoffsetx>20</textoffsetx>
		<textcolor>$VAR[gris]</textcolor>
		<label>$INFO[ListItem.Label]</label>
		<scroll>true</scroll>
	</control>
	</control>	
	</focusedlayout>	
	</control>	
	<include content="scrollbar">																												<description>scrollbar</description>
		<param name="id" value="61"/> 
		<param name="top" value="200"/> 
		<param name="height" value="780"/> 
		<param name="container" value="450"/>
		<param name="right" value="694"/>
		<param name="visible" value="control.isvisible(450)"/>
	</include>
	<control type="image">																														<description>grande icone de droite</description>
		<fadetime>50</fadetime>
		<top>200</top>
		<bottom>60</bottom>
		<left>1320</left>
		<right>100</right>
		<aspectratio align="center" aligny="center">keep</aspectratio>
		<texture background="true" border="10" fallback="defaultfolder.png">$INFO[container(450).ListItem.Icon]</texture>
		<bordertexture border="10">commun/tuiles.png</bordertexture>
		<bordersize>10,0,10,10</bordersize>				
	</control>				
	<include content="barre_separation_horizontale">																							<description>barre de separation horizontale</description>
		<param name="left" value="50"/> 
		<param name="right" value="50"/>
		<param name="bottom" value="50"/>		
	</include>	
	<control type="label" id="412">																												<description>chemin</description>
		<bottom>0</bottom>
		<left>10</left>
		<right>10</right>
		<height>50</height>
		<font>label</font>
		<textcolor>80ffffff</textcolor>
		<align>center</align>		
		<scroll>true</scroll>
	</control>	
	<control type="grouplist" id="8000">																										<description>liste boutons</description>	
		<top>200</top>
		<height>800</height>
		<left>75</left>
		<width>350</width>
		<itemgap>10</itemgap>		
		<onright>450</onright>	
		<orientation>vertical</orientation>	
	<control type="button" id="413">		
	<include content="bouton">
		<param name="align" value="center"/>
		<param name="label" value="$LOCALIZE[186]"/>
	</include>
	</control>
	<control type="button" id="414">			
	<include content="bouton">
		<param name="align" value="center"/>
		<param name="label" value="$LOCALIZE[222]"/>	
	</include>
	</control>
	<control type="button" id="415">				
	<include content="bouton">
		<param name="align" value="center"/>
		<param name="label" value="$LOCALIZE[119]"/>	
	</include>
	</control>
	</control>	
	</control>	
</controls>
</window>