<?xml version="1.0" encoding="UTF-8"?>
<window>
	<backgroundcolor>00X000000</backgroundcolor>
	<defaultcontrol always="true">20</defaultcontrol>		
<controls>						
	<control type="group">
	<include>image_fond</include>																												<description>image de fond</description>		
	<control type="group">
		<animation effect="fade" start="100" end="0" time="100" condition="window.isvisible(pvrguideinfo) | window.isvisible(selectdialog) | window.isvisible(contextmenu)" reversible="false">Conditional</animation>
		<animation effect="fade" start="0" end="100" delay="100" time="100" condition="!window.isvisible(pvrguideinfo) + !window.isvisible(selectdialog) + !window.isvisible(contextmenu)" reversible="false">Conditional</animation>
	<control type="group">																														<description>horloge</description>
		<right>40</right>					
	<include>titre</include>
	</control>
	<control type="button">
		<top>35</top>		
		<left>50</left>
		<height>60</height>
		<width>auto</width>
	<include content="bouton">																										
		<param name="width" value="auto"/> 
		<param name="height" value="80"/>
		<param name="align" value="center"/>			
		<param name="label" value="$LOCALIZE[7]"/>
	</include>
	</control>		
	<include content="barre_separation_horizontale">																							<description>barre de separation horizontale</description>
		<param name="left" value="25"/> 
		<param name="right" value="25"/>
		<param name="bottom" value="950"/>		
	</include>	
	<control type="image">																														<description>fond liste de gauche</description>
		<top>200</top>
		<left>50</left>
		<width>885</width>
		<height>710</height>
		<aspectratio>stretch</aspectratio>
		<texture colordiffuse="20000000" border="50">commun/bouton.png</texture>
	</control>
	<control type="list" id="20">																												<description>liste de gauche</description>		
		<top>205</top>
		<left>80</left>
		<width>845</width>
		<height>700</height>
		<onleft>60</onleft>
		<onright>21</onright>
		<itemgap>20</itemgap>
		<pagecontrol>60</pagecontrol>
		<scrolltime tween="Linear" easing="in">250</scrolltime>
	<itemlayout height="100">
	<control type="button">		
		<top>10</top>
	<include content="bouton">																											
		<param name="width" value="845"/> 
		<param name="height" value="80"/> 
		<param name="texturenofocus_colordiffuse" value="05ffffff"/>
	</include>	
	</control>	
	<control type="image">
		<left>10</left>
		<top>17</top>
		<width>66</width>
		<height>66</height>
		<texture fallback="defaultfolder.png">$INFO[ListItem.Icon]</texture>
		<aspectratio>keep</aspectratio>
	</control>
	<control type="label">
		<top>10</top>
		<left>90</left>
		<height>80</height>
		<label>$INFO[ListItem.Label]</label>
		<visible>String.IsEmpty(ListItem.Label2)</visible>
	</control>
	<control type="label">
		<top>10</top>
		<left>90</left>
		<height>80</height>
		<label>$INFO[ListItem.Label] ($INFO[ListItem.Label2])</label>
		<visible>!String.IsEmpty(ListItem.Label2)</visible>
	</control>		
	</itemlayout>
	<focusedlayout height="100">
	<control type="button">	
		<top>10</top>			
		<onfocus condition="!String.IsEqual(listitem.icon,) + !string.EndsWith(listitem.icon,none)">setproperty(image,$INFO[listitem.icon],home)</onfocus>
		<onfocus condition="String.IsEqual(listitem.icon,) | string.EndsWith(listitem.icon,none)">clearproperty(image,home)</onfocus>	
		<onfocus>setproperty(label,$ESCINFO[ListItem.Label],home)</onfocus>		
	</control>
	<control type="image">		
		<top>10</top>
		<height>80</height>
		<texture colordiffuse="$VAR[couleur_dominante]" border="20">commun/bouton.png</texture>
		<aspectratio>stretch</aspectratio>
		<visible>control.hasfocus(20)</visible>
	</control>
	<control type="image">		
		<top>10</top>
		<height>80</height>
		<texture colordiffuse="$VAR[couleur_dominante]" border="20">commun/bouton.png</texture>
		<aspectratio>stretch</aspectratio>
		<animation effect="fade" start="100" end="25" condition="true">conditional</animation>
		<visible>!control.hasfocus(20)</visible>
	</control>	
	<control type="image">
		<left>10</left>
		<top>17</top>
		<width>66</width>
		<height>66</height>
		<texture fallback="defaultfolder.png" colordiffuse="$VAR[gris]">$INFO[ListItem.Icon]</texture>
		<aspectratio>keep</aspectratio>
	</control>
	<control type="label">
		<top>10</top>
		<left>90</left>
		<height>80</height>
		<textcolor>$VAR[gris]</textcolor>
		<label>$INFO[ListItem.Label] ($INFO[ListItem.Label2])</label>
		<visible>!String.IsEmpty(ListItem.Label2)</visible>
	</control>
	<control type="label">
		<top>10</top>
		<left>90</left>
		<height>80</height>
		<textcolor>$VAR[gris]</textcolor>
		<label>$INFO[ListItem.Label]</label>
		<visible>String.IsEmpty(ListItem.Label2)</visible>
	</control>	
	</focusedlayout>
	</control>	
	<include content="scrollbar_parametres">																									<description>scrollbar de gauche</description>
		<param name="id" value="60"/> 
		<param name="top" value="210"/> 
		<param name="height" value="690"/> 
		<param name="right" value="1850"/>
		<param name="onright" value="20"/>		
	</include>	
	<control type="image">   																													<description>icone chemin de gauche</description>
		<bottom>-5</bottom>
		<height>70</height>	
		<left>30</left>
		<width>70</width>
		<texture colordiffuse="80ffffff">defaultfolder.png</texture>
		<aspectratio>keep</aspectratio>
	</control>
	<control type="label" id="101">   																											<description>chemin de gauche</description>		
		<bottom>0</bottom>
		<height>60</height>	
		<left>100</left>
		<width>835</width>
		<textoffsetx>5</textoffsetx>
		<textcolor>80ffffff</textcolor>
		<haspath>true</haspath>
	</control>	
	<control type="image">																														<description>fond liste de droite</description>
		<top>200</top>
		<right>50</right>
		<width>885</width>
		<height>710</height>
		<aspectratio>stretch</aspectratio>
		<texture colordiffuse="20000000" border="50">commun/bouton.png</texture>
	</control>	
	<control type="list" id="21">																												<description>liste de droite</description>		
		<top>205</top>
		<right>80</right>
		<width>845</width>
		<height>700</height>
		<onleft>20</onleft>
		<onright>61</onright>
		<pagecontrol>61</pagecontrol>
		<scrolltime tween="Linear" easing="in">250</scrolltime>
	<itemlayout height="100">
	<control type="button">		
		<top>10</top>
	<include content="bouton">																											
		<param name="width" value="845"/> 
		<param name="height" value="80"/> 
		<param name="texturenofocus_colordiffuse" value="05ffffff"/>
	</include>	
	</control>	
	<control type="image">
		<left>10</left>
		<top>17</top>
		<width>66</width>
		<height>66</height>
		<texture fallback="defaultfolder.png">$INFO[ListItem.Icon]</texture>
		<aspectratio>keep</aspectratio>
	</control>
	<control type="label">
		<top>10</top>
		<left>90</left>
		<height>80</height>
		<label>$INFO[ListItem.Label]</label>
		<visible>String.IsEmpty(ListItem.Label2)</visible>
	</control>
	<control type="label">
		<top>10</top>
		<left>90</left>
		<height>80</height>
		<label>$INFO[ListItem.Label] ($INFO[ListItem.Label2])</label>
		<visible>!String.IsEmpty(ListItem.Label2)</visible>
	</control>		
	</itemlayout>
	<focusedlayout height="100">
	<control type="button">	
		<top>10</top>			
		<onfocus condition="!String.IsEqual(listitem.icon,) + !string.EndsWith(listitem.icon,none)">setproperty(image,$INFO[listitem.icon],home)</onfocus>
		<onfocus condition="String.IsEqual(listitem.icon,) | string.EndsWith(listitem.icon,none)">clearproperty(image,home)</onfocus>	
		<onfocus>setproperty(label,$ESCINFO[ListItem.Label],home)</onfocus>						
	</control>	
	<control type="image">		
		<top>10</top>
		<height>80</height>
		<texture colordiffuse="$VAR[couleur_dominante]" border="20">commun/bouton.png</texture>
		<aspectratio>stretch</aspectratio>
		<visible>control.hasfocus(21)</visible>
	</control>
	<control type="image">		
		<top>10</top>
		<height>80</height>
		<texture colordiffuse="$VAR[couleur_dominante]" border="20">commun/bouton.png</texture>
		<aspectratio>stretch</aspectratio>
		<animation effect="fade" start="100" end="25" condition="true">conditional</animation>
		<visible>!control.hasfocus(21)</visible>
	</control>
	<control type="image">
		<left>10</left>
		<top>17</top>
		<width>66</width>
		<height>66</height>
		<texture fallback="defaultfolder.png" colordiffuse="$VAR[gris]">$INFO[ListItem.Icon]</texture>
		<aspectratio>keep</aspectratio>
	</control>
	<control type="label">
		<top>10</top>
		<left>90</left>
		<height>80</height>
		<textcolor>$VAR[gris]</textcolor>
		<label>$INFO[ListItem.Label] ($INFO[ListItem.Label2])</label>
		<visible>!String.IsEmpty(ListItem.Label2)</visible>
	</control>
	<control type="label">
		<top>10</top>
		<left>90</left>
		<height>80</height>
		<textcolor>$VAR[gris]</textcolor>
		<label>$INFO[ListItem.Label]</label>
		<visible>String.IsEmpty(ListItem.Label2)</visible>
	</control>	
	</focusedlayout>
	</control>	
	<include content="scrollbar_parametres">																									<description>scrollbar de droite</description>
		<param name="id" value="61"/> 
		<param name="top" value="210"/> 
		<param name="height" value="690"/> 
		<param name="container" value="21"/>		
	</include>
	<control type="image">   																													<description>icone chemin de droite</description>
		<bottom>-5</bottom>
		<height>70</height>	
		<left>990</left>
		<width>70</width>
		<texture colordiffuse="80ffffff">defaultfolder.png</texture>
		<aspectratio>keep</aspectratio>
	</control>
	<control type="label" id="102">   																											<description>chemin de droite</description>		
		<bottom>0</bottom>
		<height>60</height>	
		<left>1060</left>
		<width>835</width>
		<textoffsetx>5</textoffsetx>
		<textcolor>80ffffff</textcolor>
		<haspath>true</haspath>
	</control>
	<control type="image">   																													<description>icone chemin de droite</description>
		<bottom>80</bottom>
		<height>80</height>	
		<left>920</left>
		<width>80</width>
		<texture colordiffuse="80ffffff">icones/gestionnaire.png</texture>
		<aspectratio>keep</aspectratio>
	</control>
	<include content="barre_separation_horizontale">																							<description>barre de separation horizontale</description>
		<param name="left" value="25"/> 
		<param name="right" value="25"/>
		<param name="bottom" value="60"/>		
	</include>
	</control>
	</control>
</controls>
</window>