<?xml version="1.0" encoding="UTF-8"?>
<window>
	<defaultcontrol always="true">50</defaultcontrol>
	<allowoverlay>no</allowoverlay>
	<views>50</views>
	<onload condition="!Skin.HasSetting(FirstTimeRun)">ActivateWindow(1112)</onload>
	
	<controls>
		<include>CommonBackground</include>
		<control type="image">
			<left>0</left>
			<top>-100</top>
			<width>2200</width>
			<height>1180</height>
			<texture>homenowplayingback.png</texture>
		</control>

		<control type="group">
			<include>Window_OpenClose_Animation</include>
			<!-- view id = 50 -->
			<include>CommonRootView</include>

		</control>
		
		<include>BehindDialogFadeOut</include>

	</controls>
</window>
