<?xml version="1.0" encoding="UTF-8"?>
<window type="dialog" id="1224">
	<backgroundcolor>00X000000</backgroundcolor>
	<onload>alarmclock(alarme,control.setfocus(1225,$INFO[window(home).property(item_liste)],absolute),00:00,silent)</onload>
	<onunload>clearproperty(zoom_diaporama,home)</onunload>
	<onunload>clearproperty(initialiser_diaporama,home)</onunload>
	<onunload>clearproperty(item_liste,home)</onunload>
	<onunload>clearproperty(infos_diaporama,home)</onunload>
<controls>							
	<control type="image">																												<description>masque arriere plan video</description>
		<aspectratio>scale</aspectratio>
		<texture colordiffuse="$VAR[gris]">commun/texture.png</texture>				
	</control>
	<control type="image">																												<description>masque arriere plan video</description>
		<animation effect="fade" start="0" end="100" time="2000" reversible="false">windowopen</animation>
		<animation effect="fade" start="100" end="0" time="250" reversible="false">windowclose</animation>		
		<aspectratio>keep</aspectratio>
		<texture>$INFO[window(home).property(photo)]</texture>
		<visible>!string.isequal(window(home).property(zoom_diaporama),1)</visible>			
	</control>
	<control type="image">																												<description>masque arriere plan video</description>
		<animation effect="fade" start="0" end="100" time="2000" reversible="false">windowopen</animation>
		<animation effect="fade" start="100" end="0" time="250" reversible="false">windowclose</animation>		
		<aspectratio>scale</aspectratio>
		<texture>$INFO[window(home).property(photo)]</texture>
		<visible>string.isequal(window(home).property(zoom_diaporama),1)</visible>			
	</control>
	<control type="image">																												<description>masque arriere plan video</description>
		<top>10</top>
		<left>10</left>
		<height>150</height>
		<width>150</width>
		<aspectratio>keep</aspectratio>
		<texture colordiffuse="$VAR[couleur_dominante]">commun/zoom.png</texture>		
		<visible>!Slideshow.IsActive + !Slideshow.IsPaused + string.isequal(window(home).property(zoom_diaporama),1)</visible>					
	</control>
	<control type="image">																												<description>masque arriere plan video</description>
		<animation effect="slide" start="0,0" end="170,0" condition="!Slideshow.IsActive + !Slideshow.IsPaused + string.isequal(window(home).property(zoom_diaporama),1)">conditional</animation>
		<top>10</top>
		<left>10</left>
		<height>150</height>
		<width>150</width>
		<aspectratio>keep</aspectratio>
		<texture colordiffuse="$VAR[couleur_dominante]">commun/infos.png</texture>		
		<visible>string.isequal(window(home).property(infos_diaporama),1)</visible>					
	</control>
	<control type="list" id="1225">
		<top>1080</top>
		<orientation>horizontal</orientation>
		<scrolltime>0</scrolltime>
	<itemlayout>	
	</itemlayout>
	<focusedlayout>
	<control type="button">
		<onfocus condition="!string.isequal(container(1225).currentitem,2) + string.isequal(window(home).property(initialiser_diaporama),left)">control.move(1225,-1)</onfocus>
		<onfocus condition="!string.isequal(container(1225).currentitem,container(1225).numitems) + string.isequal(window(home).property(initialiser_diaporama),right)">control.move(1225,1)</onfocus>		
		<onfocus condition="string.isequal(container(1225).currentitem,2) + string.isequal(window(home).property(initialiser_diaporama),left)">control.move(1225,-2)</onfocus>
		<onfocus condition="string.isequal(container(1225).currentitem,container(1225).numitems) + string.isequal(window(home).property(initialiser_diaporama),right)">control.move(1225,2)</onfocus>		
		<onfocus>clearproperty(initialiser_diaporama,home)</onfocus>
		<onfocus>setproperty(photo,$ESCINFO[listitem.filenameandpath],home)</onfocus>
		<onfocus>setfocus(100)</onfocus>
	</control>
	</focusedlayout>
		<content>
			<item>
			<label>.</label>
			</item>
		</content>
		<content sortby="label" sortorder="ascending">$INFO[window(home).property(chemin_liste)]</content>
	</control>		
	<control type="button" id="100">
		<onfocus condition="string.isequal(window(home).property(infos_diaporama),1)">showpicture($ESCINFO[window(home).property(photo)])</onfocus>		
		<oninfo condition="string.isequal(window(home).property(infos_diaporama),1)">clearproperty(infos_diaporama,home)</oninfo>		
		<oninfo condition="!string.isequal(window(home).property(infos_diaporama),1)">alarmclock(alarme,action(info),00:00,silent)</oninfo>
		<oninfo condition="!string.isequal(window(home).property(infos_diaporama),1)">showpicture($ESCINFO[window(home).property(photo)])</oninfo>		
		<onclick>SlideShow($INFO[container(1225).listitem.Path],beginslide=$INFO[container(1225).listitem.folderpath])</onclick>
		<onright>setproperty(initialiser_diaporama,right,home)</onright>
		<onright>control.setfocus(1225)</onright>
		<onleft>setproperty(initialiser_diaporama,left,home)</onleft>
		<onleft>control.setfocus(1225)</onleft>
		<onup condition="!string.isequal(window(home).property(zoom_diaporama),1)">setproperty(zoom_diaporama,1,home)</onup>
		<onup condition="string.isequal(window(home).property(zoom_diaporama),1)">clearproperty(zoom_diaporama,home)</onup>
		<ondown condition="!string.isequal(window(home).property(zoom_diaporama),1)">setproperty(zoom_diaporama,1,home)</ondown>
		<ondown condition="string.isequal(window(home).property(zoom_diaporama),1)">clearproperty(zoom_diaporama,home)</ondown>
	</control>
</controls>
</window>