<?xml version="1.0" encoding="UTF-8"?>
<window>
	<defaultcontrol always="true">9000</defaultcontrol>
	<allowoverlay>no</allowoverlay>
	<views>50</views>
	<onload condition="!Skin.HasSetting(FirstTimeRun)">ActivateWindow(1112)</onload>
	<controls>
		<include>CommonBackground</include>
		<control type="group">
			<include>Window_OpenClose_Animation</include>
			<!-- view id = 50 -->
			<control type="fixedlist" id="9000">
				<left>0</left>
				<top>100</top>
				<width>600</width>
				<height>1080</height>
				<onleft>50</onleft>
				<onright>60</onright>
				<onup>50</onup>
				<ondown>50</ondown>
				<scrolltime>200</scrolltime>
				<itemlayout height="200" width="580">
					<control type="label">
						<left>10</left>
						<top>0</top>
						<width>580</width>
						<height>60</height>
						<font>label50</font>
						<textcolor>grey</textcolor>
						<align>left</align>
						<aligny>center</aligny>
						<label>$INFO[ListItem.Label]</label>
					</control>

				</itemlayout>
				<focusedlayout height="200" width="580">
					<control type="label">
						<left>10</left>
						<top>0</top>
						<width>580</width>
						<height>100</height>
						<font>label50</font>
						<textcolor>white</textcolor>
						<selectedcolor>selected</selectedcolor>
						<align>left</align>
						<aligny>center</aligny>
						<label>$INFO[ListItem.Label]</label>
					</control>
				</focusedlayout>
				
			</control>
			<control type="grouplist">
				<pagecontrol>50</pagecontrol>
				<left>600</left>
				<control type="fixedlist" id="60">
					<include>SettingsRowLayouts</include>					
					<left>600</left>
					<top>100</top>
					<width>600</width>
					<height>1080</height>
					<onleft>50</onleft>
					<onright>60</onright>
					<onup>50</onup>
					<ondown>50</ondown>
					<orientation>horizontal</orientation>
					<scrolltime>200</scrolltime>
					<itemlayout height="70" width="580">
						<control type="label">
							<left>10</left>
							<top>0</top>
							<width>580</width>
							<height>60</height>
							<font>label50</font>
							<textcolor>white</textcolor>
							<align>left</align>
							<aligny>center</aligny>
							<label>$INFO[ListItem.Label]</label>
						</control>

					</itemlayout>
					<focusedlayout height="70" width="580">
						<control type="label">

							<left>10</left>
							<top>0</top>
							<width>580</width>
							<height>100</height>
							<font>label50</font>
							<textcolor>white</textcolor>
							<selectedcolor>selected</selectedcolor>
							<align>left</align>
							<aligny>center</aligny>
							<label>$INFO[ListItem.Label]</label>
						</control>
					</focusedlayout>
					<content>$INFO[Skin.String(1-WidgetList-3)]</content>	
				</control>
				<control type="fixedlist" id="60">
					<include>SettingsRowLayouts</include>					
					<left>600</left>
					<top>100</top>
					<width>600</width>
					<height>1080</height>
					<onleft>50</onleft>
					<onright>60</onright>
					<onup>50</onup>
					<ondown>50</ondown>
					<orientation>horizontal</orientation>
					<scrolltime>200</scrolltime>
					<itemlayout height="70" width="580">
						<control type="label">
							<left>10</left>
							<top>0</top>
							<width>580</width>
							<height>60</height>
							<font>label50</font>
							<textcolor>white</textcolor>
							<align>left</align>
							<aligny>center</aligny>
							<label>$INFO[ListItem.Label]</label>
						</control>

					</itemlayout>
					<focusedlayout height="70" width="580">
						<control type="label">

							<left>10</left>
							<top>0</top>
							<width>580</width>
							<height>100</height>
							<font>label50</font>
							<textcolor>white</textcolor>
							<selectedcolor>selected</selectedcolor>
							<align>left</align>
							<aligny>center</aligny>
							<label>$INFO[ListItem.Label]</label>
						</control>
					</focusedlayout>
					<content>$INFO[Skin.String(1-WidgetList-3)]</content>	
				</control>
			</control>

			<include>LiveTVView1</include>
		</control>
		<include>CommonNowPlaying</include>

		<include>Clock</include>
	</controls>
</window>
