<?xml version="1.0" encoding="UTF-8"?>
<addon
  id="skin.avi.koDroidTV"
  version="3.5.0"
  name="koDroidTV"
  provider-name="Avi">
  <requires>
    <import addon="xbmc.gui" version="5.14.0"/>
		<import addon="script.toolbox" version="1.1.1"/>
		<import addon="script.favourites" version="7.1.3"/>
		<import addon="script.extendedinfo" version="5.6.1"/>
		<import addon="script.globalsearch" version="8.0.11"/>
		<import addon="script.skinshortcuts" version="0.6.5"/>
		<import addon="script.artwork.downloader" version="12.0.29"/>
		<import addon="script.skin.helper.service" version="1.1.32"/>
		<import addon="service.library.data.provider" version="0.3.2"/>
	</requires>
  <extension point="xbmc.gui.skin" debugging="false" effectslowdown="1.0">
		<res width="1920" height="1080" aspect="16:9" default="true" folder="1080i" />
 </extension>
  <extension point="xbmc.addon.metadata">
   
      <summary lang="en_US">Inspired by DroidTV by DigitalHigh using Confluence skin by Jezz_X. (Kodi's default skin)</summary>
    
    <description lang="en_US"> Kodroid is basically suppose to be a Android TV skin for kodi using the Confluence skin. Confluence is the default skin for Kodi 9.11 and above. It is a combination of concepts from many popular skins, and attempts to embrace and integrate their good ideas into a skin that should be easy for first time Kodi users to understand and use.</description>
    
    <disclaimer lang="en_US">KoDroid is still an alpha project, many stuff still don't work.It's based on the older Android TV design</disclaimer>
    <platform>all</platform>
  </extension>
</addon>
