<?xml version="1.0" encoding="UTF-8"?>
<window>
	<backgroundcolor>00X000000</backgroundcolor>
	<defaultcontrol always="true">3</defaultcontrol>
	<include>animation_dialogue</include>
<controls>	
	<include>image_fond</include>																												<description>image de fond</description>		
	<control type="label">																														<description>horloge</description>
		<right>60</right>
		<height>116</height>			
		<font>menu</font>
		<textcolor>80ffffff</textcolor>
		<align>right</align>
		<label>$INFO[system.time(hh:mm)]</label>		
	</control>	
	<control type="label" id="2">																												<description>titre</description>	
		<height>140</height>
		<align>center</align>
		<font>titre</font>		
	</control>	
	<include content="barre_separation_horizontale">																							<description>barre de separation horizontale</description>
		<param name="left" value="50"/> 
		<param name="right" value="50"/>
		<param name="bottom" value="940"/>		
	</include>	
	<control type="grouplist" id="3">																											<description>liste des boutons de gauche</description>		
		<top>200</top>
		<left>80</left>
		<width>400</width>
		<height>830</height>
		<onleft>action(back)</onleft>
		<onright>5</onright>
		<onup>noop</onup>
		<ondown>noop</ondown>
		<itemgap>20</itemgap>		
	</control>	
	<control type="button" id="10">
		<onclick>action(right)</onclick>		
	<include content="bouton">																											
		<param name="width" value="400"/> 
		<param name="height" value="65"/> 		
	</include>		
	</control>
	<control type="image">
		<top>200</top>
		<right>380</right>
		<width>1010</width>
		<height>800</height>
		<aspectratio>stretch</aspectratio>
		<texture colordiffuse="20000000" border="50">commun/bouton.png</texture>
	</control>	
	<control type="grouplist" id="5">																											<description>menu de droite</description>
		<top>210</top>
		<right>410</right>
		<width>970</width>
		<height>780</height>
		<onleft>3</onleft>		
		<onright>60</onright>		
		<onup>noop</onup>
		<ondown>noop</ondown>
		<itemgap>20</itemgap>
		<pagecontrol>60</pagecontrol>
		<scrolltime tween="Linear" easing="in">250</scrolltime>		
	</control>	
	<control type="button" id="7">
	<include content="bouton">
		<param name="height" value="80"/> 
		<param name="textoffsetx" value="40"/>
		<param name="texturenofocus_colordiffuse" value="05ffffff"/>
	</include>		
	</control>
	<control type="radiobutton" id="8">
	<include content="bouton">
		<param name="height" value="80"/> 
		<param name="textoffsetx" value="40"/>
		<param name="texturenofocus_colordiffuse" value="05ffffff"/>
		<param name="radioposx" value="920"/>			 		
	</include>		
	</control>
	<control type="spincontrolex" id="9">
	<include content="bouton">
		<param name="height" value="80"/> 
		<param name="textoffsetx" value="40"/>
		<param name="texturenofocus_colordiffuse" value="05ffffff"/>
	</include>		
	</control>
	<control type="togglebutton" id="10">
	<include content="bouton">
		<param name="height" value="80"/> 
		<param name="textoffsetx" value="40"/>
		<param name="texturenofocus_colordiffuse" value="05ffffff"/>
	</include>		
	</control>
	<control type="edit" id="12">
	<include content="bouton">
		<param name="height" value="80"/> 
		<param name="textoffsetx" value="40"/>
		<param name="texturenofocus_colordiffuse" value="05ffffff"/>
	</include>	
	</control>
	<control type="sliderex" id="13">
	<include content="bouton">
		<param name="height" value="80"/> 
		<param name="textoffsetx" value="40"/>
		<param name="texturenofocus_colordiffuse" value="05ffffff"/>
	</include>	
	</control>
	<control type="image" id="11">   	     																									
		<height>80</height>
		<texture colordiffuse="05ffffff">commun/separation_parametres.png</texture>
	</control>
	<control type="label" id="14">  			
		<align>center</align>
		<textoffsetx>20</textoffsetx>
		<height>80</height>
		<textcolor>80ffffff</textcolor>
		<font>label_parametres</font>
	</control>	
	<control type="grouplist" id="8000">																										<description>liste boutons</description>	
		<top>200</top>
		<height>800</height>
		<right>75</right>
		<width>250</width>
		<onleft>60</onleft>
		<itemgap>10</itemgap>				
		<orientation>vertical</orientation>		
	<control type="button" id="30">																												
		<include content="bouton">
		<param name="align" value="center"/>	
	</include>		
	</control>
	<control type="button" id="29">																												
	<include content="bouton">
		<param name="align" value="center"/>	
	</include>		
	</control>
	<control type="button" id="28">																												
		<include content="bouton">
		<param name="align" value="center"/>	
	</include>		
	</control>	
	</control>
	<include content="scrollbar_parametres">																									<description>scrollbar</description>
		<param name="id" value="60"/> 
		<param name="top" value="210"/> 
		<param name="height" value="780"/> 
		<param name="container" value="5"/>
		<param name="right" value="390"/>
		<param name="onright" value="8000"/>				
	</include>	
</controls>
</window>