<?xml version="1.0" encoding="UTF-8" standalone="yes"?>
<addon id="repo.redreaper5820" name="RedReaper" version="v1.0" provider-name="Avi">
    <extension point="xbmc.addon.repository" name="Example Repository">
        <dir>
            <info compressed="false">https://raw.githubusercontent.com/Redreaper5820/redreaper5820.github.io/master/addons.xml</info>
            <checksum>https://raw.githubusercontent.com/Redreaper5820/redreaper5820.github.io/master/addon.xml.md5</checksum>
            <datadir zip="true">https:https://redreaper5820.github.io/zips/</datadir>
        </dir>
    </extension>
    <extension point="xbmc.addon.metadata">
        <summary>RedReaper Repo</summary>
        <description>The Official RedReaper Repo</description>
        <disclaimer></disclaimer>
        <platform>all</platform>
        <assets>
            <icon>icon.png</icon>
            <fanart>fanart.jpg</fanart>
        </assets>
    </extension>
</addon>