<?xml version="1.0" encoding="UTF-8"?>
<window>
	<defaultcontrol always="true">300</defaultcontrol>
	<include condition="!Window.IsVisible(home)">dialogcloseeffect</include>
	<include>dialogopeneffect</include>
	<coordinates>
		<system>2</system>
		<left>0</left>
		<top>0</top>
	</coordinates>
	<controls>
		<control type="image">
			<width>1920</width>
			<height>1080</height>
			<aspectratio>stretch</aspectratio>
			<texture>Keyboard_Bg.png</texture>
		</control>


		<control type="group">
			<include>VisibleFadeEffect</include>
			<visible>!Window.IsVisible(numericinput)</visible>
			<control type="group">
				<left>393</left>
				<top>68</top>
				<width>1140</width>
				<height>117</height>
				<control type="image">
					<aspectratio>stretch</aspectratio>
					<texture border="20">KeyboardEditArea.png</texture>
				</control>

				<control type="edit" id="312">
					<left>25</left>
					<top>-5</top>
					<width>1140</width>
					<height>117</height>
					<font>searchbox</font>
					<textcolor>black</textcolor>
					<align>left</align>
					<aligny>center</aligny>
					<visible>Window.IsVisible(home)</visible>
					<description>Edit Text</description>
					<hinttext>To search, start typing.</hinttext>
					<texturefocus>-</texturefocus>
					<texturenofocus>-</texturenofocus>
				</control>
				<control type="edit" id="312">
					<left>25</left>
					<top>-5</top>

					<width>1140</width>
					<height>117</height>
					<visible>!Window.IsVisible(home)</visible>
					<description>Edit Text</description>
					<font>searchbox</font>
					<textcolor>black</textcolor>
					<align>left</align>
					<aligny>center</aligny>
					<hinttext>Start typing.</hinttext>
					<texturefocus>-</texturefocus>
					<texturenofocus>-</texturenofocus>
				</control>

			</control>
			<control type="image">
				<texture>ic_google_logo.png</texture>
				<width>192</width>
				<height>68</height>
				<left>1615</left>
				<top>90</top>
			</control>

			<control type="group">
				<animation effect="slide" start="0,500" end="0,0" delay="150" time="150" tween="quadratic" easing="out" reversible="true">WindowOpen</animation>
				<animation effect="slide" start="0,0" end="0,500" delay="150" time="150" tween="quadratic" easing="out" reversible="true">WindowClose</animation>
				<control type="image">
					<width>1920</width>
					<height>411</height>
					<top>669</top>
					<aspectratio>stretch</aspectratio>
					<texture>Keyboard_MatGrey.png</texture>
				</control>
				<control type="image">
					<width>1920</width>
					<height>60</height>
					<top>609</top>
					<aspectratio>stretch</aspectratio>
					<texture>Keyboard_MatGreyDark.png</texture>
				</control>
				
				<!-- Autocomplete group -->

				<control type="list" id="667">
					<focusposition>2</focusposition>
					<left>580</left>
					<top>620</top>
					<ondown>555</ondown>
					<orientation>horizontal</orientation>
					<width>770</width>
					<height>80</height>
					<focusposition>1</focusposition>
					<movement>0</movement>
					<itemlayout width="154" height="80">
						<control type="label">
							<align>center</align>
							<font>card26</font>
							<textcolor>Material_Teal</textcolor>
							<label>$INFO[Listitem.label]</label>
						</control>
					</itemlayout>
					<focusedlayout width="154" height="80">
						<control type="group">
							<control type="image"></control>
							<control type="label">
								<align>center</align>
								<width>154</width>
								<font>card28</font>
								<textcolor>Material_Teal</textcolor>
								<label>$INFO[Listitem.label]</label>

							</control>
						</control>
					</focusedlayout>
					<content>plugin://script.extendedinfo?info=autocomplete&amp;&amp;id=$INFO[Control.GetLabel(312).index(1)]&amp;&amp;limit=8</content>
				</control>
			</control>
			<control type="group">
				<animation effect="slide" start="0,500" end="0,0" delay="150" time="150" tween="quadratic" easing="out" reversible="true">WindowOpen</animation>
				<animation effect="slide" start="0,0" end="0,500" delay="150" time="150" tween="quadratic" easing="out" reversible="true">WindowClose</animation>
				<left>560</left>
				<top>680</top>
				<!-- 1st row -->
				<control type="grouplist" id="555">
					<onright>300</onright>
					<onleft>300</onleft>
					<itemgap>0</itemgap>
					<orientation>horizontal</orientation>

					<control type="button" id="100">
						<onup>667</onup>
						<description>(0,0) key button</description>
						<onup>32</onup>
						<ondown>120</ondown>
						<onleft>300</onleft>
						<include>KeyboardButton</include>
					</control>
					<control type="button" id="101">
						<onup>667</onup>
						<description>(0,1) key button</description>
						<onup>32</onup>
						<ondown>121</ondown>
						<include>KeyboardButton</include>
					</control>
					<control type="button" id="102">
						<onup>667</onup>
						<description>(0,2) key button</description>
						<onup>32</onup>
						<ondown>122</ondown>
						<include>KeyboardButton</include>
					</control>
					<control type="button" id="103">
						<onup>667</onup>
						<description>(0,3) key button</description>
						<onup>32</onup>
						<ondown>123</ondown>
						<include>KeyboardButton</include>
					</control>
					<control type="button" id="104">
						<onup>667</onup>
						<description>(0,4) key button</description>
						<onup>8</onup>
						<ondown>124</ondown>
						<include>KeyboardButton</include>
					</control>
					<control type="button" id="105">
						<onup>667</onup>
						<description>(0,5) key button</description>
						<onup>8</onup>
						<ondown>125</ondown>
						<include>KeyboardButton</include>
					</control>
					<control type="button" id="106">
						<onup>667</onup>
						<description>(0,6) key button</description>
						<onup>8</onup>
						<ondown>126</ondown>
						<include>KeyboardButton</include>
					</control>
					<control type="button" id="107">
						<onup>667</onup>
						<description>(0,7) key button</description>
						<onup>8</onup>
						<ondown>127</ondown>
						<include>KeyboardButton</include>
					</control>
					<control type="button" id="108">
						<onup>667</onup>
						<description>(0,8) key button</description>
						<onup>305</onup>
						<ondown>128</ondown>
						<include>KeyboardButton</include>
					</control>
					<control type="button" id="109">
						<onup>667</onup>
						<description>(0,9) key button</description>
						<onup>305</onup>
						<ondown>129</ondown>
						<include>KeyboardButton</include>
					</control>
					<control type="button" id="110">
						<onup>667</onup>
						<description>(0,10) key button</description>
						<onup>306</onup>
						<ondown>130</ondown>
						<include>KeyboardButton</include>
					</control>
					<control type="button" id="111">
						<onup>667</onup>
						<description>(0,11) key button</description>
						<onup>306</onup>
						<ondown>131</ondown>
						<include>KeyboardButton</include>
					</control>
					<control type="button" id="8">
						<description>BACKSPACE button</description>
						<texturenofocus>ic_back_icon_nofocus.png</texturenofocus>
						<texturefocus>ic_back_icon_focus.png</texturefocus>
						<onup>667</onup>
						<ondown>770</ondown>
						<onright>300</onright>
						<width>70</width>
						<height>70</height>
						<align>center</align>
						<border>none</border>
						<aligny>center</aligny>
						<font>font30t</font>
						<focusedcolor>white</focusedcolor>

					</control>
				</control>
				<!-- 2nd row -->

				<control type="grouplist">
					<onright>300</onright>
					<onleft>300</onleft>
					<orientation>horizontal</orientation>
					<top>70</top>
					<itemgap>0</itemgap>

					<control type="button" id="120">
						<description>(1,0) key button</description>
						<onleft>300</onleft>
						<onup>100</onup>
						<ondown>140</ondown>
						<include>KeyboardButton</include>
					</control>
					<control type="button" id="121">
						<description>(1,1) key button</description>
						<onup>101</onup>
						<ondown>141</ondown>
						<include>KeyboardButton</include>
					</control>
					<control type="button" id="122">
						<description>(1,2) key button</description>
						<onup>102</onup>
						<ondown>142</ondown>
						<include>KeyboardButton</include>
					</control>
					<control type="button" id="123">
						<description>(1,3) key button</description>
						<onup>103</onup>
						<ondown>143</ondown>
						<include>KeyboardButton</include>
					</control>
					<control type="button" id="124">
						<description>(1,4) key button</description>
						<onup>104</onup>
						<ondown>144</ondown>
						<include>KeyboardButton</include>
					</control>
					<control type="button" id="125">
						<description>(1,5) key button</description>
						<onup>105</onup>
						<ondown>145</ondown>
						<include>KeyboardButton</include>
					</control>
					<control type="button" id="126">
						<description>(1,6) key button</description>
						<onup>106</onup>
						<ondown>146</ondown>
						<include>KeyboardButton</include>
					</control>
					<control type="button" id="127">
						<description>(1,7) key button</description>
						<onup>107</onup>
						<ondown>147</ondown>
						<include>KeyboardButton</include>
					</control>
					<control type="button" id="128">
						<description>(1,8) key button</description>
						<onup>108</onup>
						<ondown>148</ondown>
						<include>KeyboardButton</include>
					</control>
					<control type="button" id="129">
						<description>(1,9) key button</description>
						<onup>109</onup>
						<ondown>149</ondown>
						<include>KeyboardButton</include>
					</control>
					<control type="button" id="130">
						<description>(1,10) key button</description>
						<onup>110</onup>
						<ondown>150</ondown>
						<include>KeyboardButton</include>
					</control>
					<control type="button" id="131">
						<description>(1,11) key button</description>
						<onup>111</onup>
						<ondown>779</ondown>
						<include>KeyboardButton</include>
					</control>
					<control type="button" id="770">
						<label>@</label>
						<onclick>Send</onclick>
						<onup>8</onup>
						<ondown>772</ondown>
						<onright>300</onright>
						<include>KeyboardButton</include>
					</control>

				</control>
				<!-- 3rd row -->

				<control type="grouplist">
					<onright>300</onright>
					<onleft>300</onleft>
					<top>140</top>
					<orientation>horizontal</orientation>
					<itemgap>0</itemgap>

					<control type="button" id="140">
						<description>(2,0) key button</description>
						<onleft>300</onleft>
						<onup>120</onup>
						<ondown>160</ondown>
						<include>KeyboardButton</include>
					</control>
					<control type="button" id="141">
						<description>(2,1) key button</description>
						<onup>121</onup>
						<ondown>161</ondown>
						<include>KeyboardButton</include>
					</control>
					<control type="button" id="142">
						<description>(2,2) key button</description>
						<onup>122</onup>
						<ondown>162</ondown>
						<include>KeyboardButton</include>
					</control>
					<control type="button" id="143">
						<description>(2,3) key button</description>
						<onup>123</onup>
						<ondown>163</ondown>
						<include>KeyboardButton</include>
					</control>
					<control type="button" id="144">
						<description>(2,4) key button</description>
						<onup>124</onup>
						<ondown>164</ondown>
						<include>KeyboardButton</include>
					</control>
					<control type="button" id="145">
						<description>(2,5) key button</description>
						<onup>125</onup>
						<ondown>165</ondown>
						<include>KeyboardButton</include>
					</control>
					<control type="button" id="146">
						<description>(2,6) key button</description>
						<onup>126</onup>
						<ondown>166</ondown>
						<include>KeyboardButton</include>
					</control>
					<control type="button" id="147">
						<description>(2,7) key button</description>
						<onup>127</onup>
						<ondown>167</ondown>
						<include>KeyboardButton</include>
					</control>
					<control type="button" id="148">
						<description>(2,8) key button</description>
						<onup>128</onup>
						<ondown>168</ondown>
						<include>KeyboardButton</include>
					</control>

					<control type="button" id="150">
						<description>(2,10) key button</description>
						<onup>130</onup>
						<ondown>773</ondown>
						<include>KeyboardButton</include>
					</control>
					<control type="button" id="151">
						<description>(2,11) key button</description>
						<onup>131</onup>
						<ondown>774</ondown>
						<include>KeyboardButton</include>
					</control>
					<control type="button" id="8700">
						<label>_</label>
						<onup>130</onup>
						<ondown>775</ondown>
						<include>KeyboardButton</include>
					</control>
					<control type="button" id="772">
						<label>&amp;</label>
						<onup>770</onup>
						<ondown>776</ondown>
						<onright>300</onright>
						<include>KeyboardButton</include>
					</control>
				</control>
				<!-- 4th row -->
				<control type="grouplist" id="986">
					<onright>300</onright>
					<onleft>300</onleft>
					<top>210</top>
					<itemgap>0</itemgap>
					<orientation>horizontal</orientation>


					<control type="button" id="160">
						<description>(3,0) key button</description>
						<onleft>300</onleft>
						<onup>140</onup>
						<ondown>304</ondown>
						<include>KeyboardButton</include>
					</control>
					<control type="button" id="161">
						<description>(3,1) key button</description>
						<onup>141</onup>
						<ondown>303</ondown>
						<include>KeyboardButton</include>
					</control>
					<control type="button" id="162">
						<description>(3,2) key button</description>
						<onup>142</onup>
						<ondown>32</ondown>
						<include>KeyboardButton</include>
					</control>
					<control type="button" id="163">
						<description>(3,3) key button</description>
						<onup>143</onup>
						<ondown>32</ondown>
						<include>KeyboardButton</include>
					</control>
					<control type="button" id="164">
						<description>(3,4) key button</description>
						<onup>144</onup>
						<ondown>32</ondown>
						<include>KeyboardButton</include>
					</control>
					<control type="button" id="165">
						<description>(3,5) key button</description>
						<onup>145</onup>
						<ondown>32</ondown>
						<include>KeyboardButton</include>
					</control>
					<control type="button" id="166">
						<description>(3,6) key button</description>
						<onup>146</onup>
						<ondown>32</ondown>
						<include>KeyboardButton</include>
					</control>

					<control type="button" id="773">
						<label>,</label>
						<onup>150</onup>
						<ondown>32</ondown>
						<include>KeyboardButton</include>
					</control>
					<control type="button" id="774">
						<label>.</label>
						<onup>151</onup>
						<ondown>32</ondown>
						<include>KeyboardButton</include>
					</control>
					<control type="button" id="775">
						<label>&#8722;</label>
						<onup>779</onup>
						<ondown>305</ondown>
						<include>KeyboardButton</include>
					</control>
					<control type="button" id="776">
						<label>?</label>
						<onup>772</onup>
						<ondown>306</ondown>
						<onright>305</onright>
						<include>KeyboardButton</include>
					</control>
				</control>
				<!-- 5th row -->
				<control type="grouplist" id="987">
					<onright>300</onright>
					<onleft>300</onleft>
					<top>280</top>
					<itemgap>0</itemgap>
					<orientation>horizontal</orientation>

					<control type="radiobutton" id="304">
						<description>Symbols button</description>
						<textureradioonfocus>ime/ic_ime_alphabet.png</textureradioonfocus>
						<textureradioonnofocus>ime/ic_ime_alphabet.png</textureradioonnofocus>
						<textureradioofffocus>ime/ic_ime_symbols.png</textureradioofffocus>
						<textureradiooffnofocus>ime/ic_ime_symbols.png</textureradiooffnofocus>
						<radiowidth>40</radiowidth>
						<radioheight>40</radioheight>
						<radioposx>15</radioposx>
						<radioposy>0</radioposy>
						<onup>160</onup>
						<ondown>300</ondown>
						<label>-</label>
						<textcolor>white</textcolor>
						<include>KeyboardRadioButton</include>

					</control>
					<control type="radiobutton" id="303">
						<textureradioonfocus>ime/ic_ime_shift_lock_on.png</textureradioonfocus>
						<textureradioonnofocus>ime/ic_ime_shift_lock_on.png</textureradioonnofocus>
						<textureradioofffocus>ime/ic_ime_shift_off.png</textureradioofffocus>
						<textureradiooffnofocus>ime/ic_ime_shift_off.png</textureradiooffnofocus>
						<radiowidth>40</radiowidth>
						<radioheight>40</radioheight>
						<radioposx>15</radioposx>
						<radioposy>15</radioposy>
						<description>CAPS LOCK button</description>
						<label>-</label>
						<onup>161</onup>
						<ondown>307</ondown>
						<radioposy>5</radioposy>
						<radiowidth>1</radiowidth>
						<radioheight>1</radioheight>
						<include>KeyboardButton</include>
					</control>


					<control type="button" id="32">
						<description>SPACE button</description>
						<width>488</width>
						<height>70</height>
						<texturenofocus>Keyboard_Spacebar.png</texturenofocus>
						<texturefocus>Keyboard_Spacebar_focus.png</texturefocus>
						<align>center</align>
						<aligny>center</aligny>
						<font>font13</font>
						<focusedcolor>black</focusedcolor>
						<onup>986</onup>
						<ondown>101</ondown>
					</control>

					<control type="button" id="305">

						<description>previous button</description>
						<label>&lt;</label>
						<include>KeyboardButton</include>
						<onup>775</onup>
						<ondown>108</ondown>
					</control>
					<control type="button" id="9000">
						<description>next button</description>
						<label>&gt;</label>
						<include>KeyboardButton</include>
						<onup>776</onup>
						<ondown>110</ondown>
						<onclick>right</onclick>
						<onright>300</onright>
					</control>
				</control>
				<control type="button" id="300">
					<description>DONE button</description>
					<width>200</width>
					<height>70</height>
					<left>900</left>
					<top>130</top>
					<label>SEARCH</label>
					<font>font20</font>
					<align>center</align>
					<aligny>center</aligny>
					<onleft>772</onleft>
					<onright>140</onright>
					<onup>667</onup>
					<ondown>667</ondown>
					<texturenofocus>-</texturenofocus>
					<texturefocus>ic_search_focus.png</texturefocus>
					<color>Material_Teal</color>
					<focusedcolor>Material_Teal</focusedcolor>
				</control>

			</control>
		</control>
	</controls>
</window>
