<?xml version='1.0' encoding='UTF-8'?>
<includes>
	<include name="skinshortcuts-mainmenu">
		<item id="1">
			<property name="id">$NUMBER[1]</property>
			<label>$LOCALIZE[137]</label>
			<label2>Search</label2>
			<icon>DefaultShortcut.png</icon>
			<thumb>special://skin/extras/media/global_bingie.jpg</thumb>
			<property name="labelID">137</property>
			<property name="defaultID">137</property>
			<onclick>ActivateWindow(1109,return)</onclick>
			<property name="path">ActivateWindow(1109,return)</property>
			<property name="list">1109</property>
			<visible>String.IsEqual(System.ProfileName,Avi)</visible>
			<property name="submenuVisibility">num-137</property>
			<property name="group">mainmenu</property>
			<property name="hasSubmenu">False</property>
		</item>
		<item id="2">
			<property name="id">$NUMBER[2]</property>
			<label>$LOCALIZE[10000]</label>
			<label2>Home</label2>
			<icon>DefaultShortcut.png</icon>
			<thumb />
			<property name="labelID">10000</property>
			<property name="defaultID">10000</property>
			<property name="widget">continuewatching</property>
			<property name="widgetTarget">videos</property>
			<property name="widgetType">episodes</property>
			<property name="widgetPath">plugin://script.skin.helper.widgets/?action=continuewatching&amp;mediatype=episodes&amp;limit=25&amp;reload=$INFO[Window(Home).Property(widgetreload-episodes)]</property>
			<property name="widgetName">$LOCALIZE[31535] $VAR[ForCurrentProfileNameLabel]</property>
			<property name="widget.1">recentshowsandmovies</property>
			<property name="widgetTarget.1">videos</property>
			<property name="widgetType.1">video</property>
			<property name="widgetPath.1">plugin://script.skin.helper.widgets/?action=recentshowsandmovies&amp;mediatype=media&amp;limit=25&amp;reload=$INFO[Window(Home).Property(widgetreload)]</property>
			<property name="widgetName.1">$LOCALIZE[31127]</property>
			<property name="widget.2">bingeworthyshows</property>
			<property name="widgetTarget.2">videos</property>
			<property name="widgetType.2">tvshows</property>
			<property name="widgetPath.2">special://skin/playlists/bingeworthyshows.xsp</property>
			<property name="widgetName.2">$LOCALIZE[31079]</property>
			<property name="widget.3">newreleasemovies</property>
			<property name="widgetTarget.3">videos</property>
			<property name="widgetType.3">movies</property>
			<property name="widgetPath.3">special://skin/playlists/newreleasemovies.xsp</property>
			<property name="widgetName.3">$LOCALIZE[31080]</property>
			<property name="widget.4">criticallyacclaimedmovies</property>
			<property name="widgetTarget.4">videos</property>
			<property name="widgetType.4">movies</property>
			<property name="widgetPath.4">special://skin/playlists/blockbustermovies.xsp</property>
			<property name="widgetName.4">$LOCALIZE[31532]</property>
			<property name="widget.5">similar</property>
			<property name="widgetTarget.5">videos</property>
			<property name="widgetType.5">video</property>
			<property name="widgetPath.5">plugin://script.skin.helper.widgets/?action=similar&amp;mediatype=media&amp;limit=25</property>
			<property name="widgetName.5">$ADDON[script.skin.helper.widgets 32022]</property>
			<property name="widget.6">mylist</property>
			<property name="widgetTarget.6">videos</property>
			<property name="widgetType.6">video</property>
			<property name="widgetPath.6">$INCLUDE[MyListWidget]</property>
			<property name="widgetName.6">$LOCALIZE[31534]</property>
			<property name="widget.7">categories</property>
			<property name="widgetTarget.7">static</property>
			<property name="widgetType.7">static</property>
			<property name="widgetPath.7">$INCLUDE[CategoriesWidget]</property>
			<property name="widgetName.7">$LOCALIZE[31025]</property>
			<visible>String.IsEqual(Skin.String(HomeLayout),bingie)</visible>
			<onclick>ActivateWindow(home,return)</onclick>
			<property name="path">ActivateWindow(home,return)</property>
			<property name="list">home</property>
			<visible>String.IsEqual(System.ProfileName,Avi)</visible>
			<property name="submenuVisibility">num-10000</property>
			<property name="group">mainmenu</property>
			<property name="hasSubmenu">False</property>
		</item>
		<item id="3">
			<property name="id">$NUMBER[3]</property>
			<label>$LOCALIZE[20343]</label>
			<label2>TV shows</label2>
			<icon>DefaultShortcut.png</icon>
			<thumb>$INFO[Window(Home).Property(SkinHelper.AllTvShowsBackground)]</thumb>
			<property name="labelID">tvshows</property>
			<property name="defaultID">tvshows</property>
			<property name="background">$INFO[Window(Home).Property(SkinHelper.AllTvShowsBackground)]</property>
			<property name="backgroundName">$ADDON[script.skin.helper.service 32043]</property>
			<property name="widget.99">spotlighttvshows</property>
			<property name="widgetTarget.99">videos</property>
			<property name="widgetType.99">tvshows</property>
			<property name="widgetName.99">$LOCALIZE[31185]</property>
			<property name="widgetPath.99">special://skin/extras/widgetplaylists/recommendedtvshows.xsp</property>
			<onclick>ActivateWindow(1110,return)</onclick>
			<property name="path">ActivateWindow(1110,return)</property>
			<property name="list">1110</property>
			<visible>String.IsEqual(System.ProfileName,Avi)</visible>
			<property name="submenuVisibility">tvshows</property>
			<property name="group">mainmenu</property>
			<property name="hasSubmenu">True</property>
		</item>
		<item id="4">
			<property name="id">$NUMBER[4]</property>
			<label>$LOCALIZE[342]</label>
			<label2>Movies</label2>
			<icon>DefaultShortcut.png</icon>
			<thumb>$INFO[Window(Home).Property(SkinHelper.AllMoviesBackground)]</thumb>
			<property name="labelID">movies</property>
			<property name="defaultID">movies</property>
			<property name="background">$INFO[Window(Home).Property(SkinHelper.AllMoviesBackground)]</property>
			<property name="backgroundName">$ADDON[script.skin.helper.service 32039]</property>
			<property name="widget.99">spotlightmovies</property>
			<property name="widgetTarget.99">videos</property>
			<property name="widgetType.99">movies</property>
			<property name="widgetName.99">$LOCALIZE[31185]</property>
			<property name="widgetPath.99">special://skin/extras/widgetplaylists/recommendedmovies.xsp</property>
			<onclick>ActivateWindow(1111,return)</onclick>
			<property name="path">ActivateWindow(1111,return)</property>
			<property name="list">1111</property>
			<visible>String.IsEqual(System.ProfileName,Avi)</visible>
			<property name="submenuVisibility">movies</property>
			<property name="group">mainmenu</property>
			<property name="hasSubmenu">True</property>
		</item>
		<item id="5">
			<property name="id">$NUMBER[5]</property>
			<label>My List</label>
			<label2>My List</label2>
			<icon>DefaultShortcut.png</icon>
			<thumb />
			<property name="labelID">31534</property>
			<property name="defaultID">31534</property>
			<visible>String.IsEqual(Skin.String(HomeLayout),bingie)</visible>
			<onclick>ActivateWindow(1114,return)</onclick>
			<property name="path">ActivateWindow(1114,return)</property>
			<property name="list">1114</property>
			<visible>String.IsEqual(System.ProfileName,Avi)</visible>
			<property name="submenuVisibility">num-31534</property>
			<property name="group">mainmenu</property>
			<property name="hasSubmenu">False</property>
		</item>
		<item id="6">
			<property name="id">$NUMBER[6]</property>
			<label>New</label>
			<label2>New</label2>
			<icon>DefaultShortcut.png</icon>
			<thumb />
			<property name="labelID">31837</property>
			<property name="defaultID">31837</property>
			<visible>String.IsEqual(Skin.String(HomeLayout),bingie)</visible>
			<onclick>ActivateWindow(1112,return)</onclick>
			<property name="path">ActivateWindow(1112,return)</property>
			<property name="list">1112</property>
			<visible>String.IsEqual(System.ProfileName,Avi)</visible>
			<property name="submenuVisibility">num-31837</property>
			<property name="group">mainmenu</property>
			<property name="hasSubmenu">False</property>
		</item>
		<item id="7">
			<property name="id">$NUMBER[7]</property>
			<label>$LOCALIZE[10004]</label>
			<label2>Settings</label2>
			<icon>resource://resource.images.skinicons.wide/settings.png</icon>
			<thumb />
			<property name="labelID">settings</property>
			<property name="defaultID">settings</property>
			<property name="background">special://profile/addon_data/script.skinshortcuts/skin.titan.bingie-background-settings.jpg</property>
			<property name="backgroundName">571</property>
			<visible>!String.IsEqual(Skin.String(HomeLayout),bingie)</visible>
			<onclick>ActivateWindow(Settings)</onclick>
			<property name="path">ActivateWindow(Settings)</property>
			<property name="list">Settings</property>
			<visible>String.IsEqual(System.ProfileName,Avi)</visible>
			<property name="submenuVisibility">settings</property>
			<property name="group">mainmenu</property>
			<property name="hasSubmenu">True</property>
		</item>
	</include>
	<include />
	<include name="skinshortcuts-submenu">
		<item id="1">
			<property name="id">$NUMBER[1]</property>
			<property name="mainmenuid">3</property>
			<label>$LOCALIZE[31051]</label>
			<label2>TV shows</label2>
			<icon>$INFO[Window(Home).Property(SkinHelper.AllTvShowsBackground)]</icon>
			<thumb />
			<property name="labelID">31051</property>
			<property name="defaultID">369</property>
			<visible>[Library.HasContent(TVShows)] + String.IsEqual(Container(900).ListItem.Property(submenuVisibility),tvshows)</visible>
			<onclick>ActivateWindow(Videos,videodb://tvshows/titles/,return)</onclick>
			<property name="path">ActivateWindow(Videos,videodb://tvshows/titles/,return)</property>
			<property name="list">videodb://tvshows/titles/</property>
			<visible>String.IsEqual(System.ProfileName,Avi)</visible>
			<property name="group">tvshows</property>
			<property name="isSubmenu">True</property>
		</item>
		<item id="2">
			<property name="id">$NUMBER[2]</property>
			<property name="mainmenuid">3</property>
			<label>$ADDON[script.skin.helper.widgets 32045]</label>
			<label2>TV shows</label2>
			<icon>$INFO[Window(Home).Property(SkinHelper.RecentEpisodesBackground)]</icon>
			<thumb />
			<property name="labelID">addon-script-skin-helper-widgets32045</property>
			<property name="defaultID">369</property>
			<onclick>ActivateWindow(Videos,plugin://script.skin.helper.widgets/?action=recent&amp;mediatype=tvshows&amp;limit=250,return)</onclick>
			<property name="path">ActivateWindow(Videos,plugin://script.skin.helper.widgets/?action=recent&amp;mediatype=tvshows&amp;limit=250,return)</property>
			<property name="list">plugin://script.skin.helper.widgets/?action=recent&amp;mediatype=tvshows&amp;limit=250</property>
			<visible>[String.IsEqual(System.ProfileName,Avi)] + String.IsEqual(Container(900).ListItem.Property(submenuVisibility),tvshows)</visible>
			<property name="group">tvshows</property>
			<property name="isSubmenu">True</property>
		</item>
		<item id="3">
			<property name="id">$NUMBER[3]</property>
			<property name="mainmenuid">3</property>
			<label>$LOCALIZE[20387]</label>
			<label2>Videos</label2>
			<icon>$INFO[Window(Home).Property(SkinHelper.RecentEpisodesBackground)]</icon>
			<thumb />
			<property name="labelID">20387</property>
			<property name="defaultID">20387</property>
			<onclick>ActivateWindow(Videos,videodb://recentlyaddedepisodes/,return)</onclick>
			<property name="path">ActivateWindow(Videos,videodb://recentlyaddedepisodes/,return)</property>
			<property name="list">videodb://recentlyaddedepisodes/</property>
			<visible>[String.IsEqual(System.ProfileName,Avi)] + String.IsEqual(Container(900).ListItem.Property(submenuVisibility),tvshows)</visible>
			<property name="group">tvshows</property>
			<property name="isSubmenu">True</property>
		</item>
		<item id="4">
			<property name="id">$NUMBER[4]</property>
			<property name="mainmenuid">3</property>
			<label>$LOCALIZE[626]</label>
			<label2>Videos</label2>
			<icon>$INFO[Window(Home).Property(SkinHelper.InProgressShowsBackground)]</icon>
			<thumb />
			<property name="labelID">626</property>
			<property name="defaultID">626</property>
			<onclick>ActivateWindow(Videos,videodb://inprogresstvshows,return)</onclick>
			<property name="path">ActivateWindow(Videos,videodb://inprogresstvshows,return)</property>
			<property name="list">videodb://inprogresstvshows</property>
			<visible>[String.IsEqual(System.ProfileName,Avi)] + String.IsEqual(Container(900).ListItem.Property(submenuVisibility),tvshows)</visible>
			<property name="group">tvshows</property>
			<property name="isSubmenu">True</property>
		</item>
		<item id="5">
			<property name="id">$NUMBER[5]</property>
			<property name="mainmenuid">3</property>
			<label>$LOCALIZE[135]</label>
			<label2>TV shows</label2>
			<icon>resource://resource.images.skinicons.wide/defaultgenre.png</icon>
			<thumb />
			<property name="labelID">135</property>
			<property name="defaultID">135</property>
			<visible>[Library.HasContent(TVShows)] + String.IsEqual(Container(900).ListItem.Property(submenuVisibility),tvshows)</visible>
			<onclick>ActivateWindow(Videos,videodb://tvshows/genres/,return)</onclick>
			<property name="path">ActivateWindow(Videos,videodb://tvshows/genres/,return)</property>
			<property name="list">videodb://tvshows/genres/</property>
			<visible>String.IsEqual(System.ProfileName,Avi)</visible>
			<property name="group">tvshows</property>
			<property name="isSubmenu">True</property>
		</item>
		<item id="6">
			<property name="id">$NUMBER[6]</property>
			<property name="mainmenuid">3</property>
			<label>$ADDON[script.skin.helper.widgets 32043]</label>
			<label2>TV shows</label2>
			<icon>DefaultShortcut.png</icon>
			<thumb />
			<property name="labelID">addon-script-skin-helper-widgets32043</property>
			<property name="defaultID">369</property>
			<onclick>ActivateWindow(Videos,plugin://script.skin.helper.widgets/?action=nextaired&amp;mediatype=episodes&amp;limit=250,return)</onclick>
			<property name="path">ActivateWindow(Videos,plugin://script.skin.helper.widgets/?action=nextaired&amp;mediatype=episodes&amp;limit=250,return)</property>
			<property name="list">plugin://script.skin.helper.widgets/?action=nextaired&amp;mediatype=episodes&amp;limit=250</property>
			<visible>[String.IsEqual(System.ProfileName,Avi)] + String.IsEqual(Container(900).ListItem.Property(submenuVisibility),tvshows)</visible>
			<property name="group">tvshows</property>
			<property name="isSubmenu">True</property>
		</item>
		<item id="1">
			<property name="id">$NUMBER[1]</property>
			<property name="mainmenuid">4</property>
			<label>$LOCALIZE[31050]</label>
			<label2>Movies</label2>
			<icon>$INFO[Window(Home).Property(SkinHelper.AllMoviesBackground)]</icon>
			<thumb />
			<property name="labelID">31050</property>
			<property name="defaultID">135</property>
			<visible>[Library.HasContent(Movies)] + String.IsEqual(Container(900).ListItem.Property(submenuVisibility),movies)</visible>
			<onclick>ActivateWindow(Videos,videodb://movies/titles/,return)</onclick>
			<property name="path">ActivateWindow(Videos,videodb://movies/titles/,return)</property>
			<property name="list">videodb://movies/titles/</property>
			<visible>String.IsEqual(System.ProfileName,Avi)</visible>
			<property name="group">movies</property>
			<property name="isSubmenu">True</property>
		</item>
		<item id="2">
			<property name="id">$NUMBER[2]</property>
			<property name="mainmenuid">4</property>
			<label>$LOCALIZE[31127]</label>
			<label2>Movies</label2>
			<icon>$INFO[Window(Home).Property(SkinHelper.RecentMoviesBackground)]</icon>
			<thumb />
			<property name="labelID">31127</property>
			<property name="defaultID">135</property>
			<onclick>ActivateWindow(Videos,videodb://recentlyaddedmovies/,return)</onclick>
			<property name="path">ActivateWindow(Videos,videodb://recentlyaddedmovies/,return)</property>
			<property name="list">videodb://recentlyaddedmovies/</property>
			<visible>[String.IsEqual(System.ProfileName,Avi)] + String.IsEqual(Container(900).ListItem.Property(submenuVisibility),movies)</visible>
			<property name="group">movies</property>
			<property name="isSubmenu">True</property>
		</item>
		<item id="3">
			<property name="id">$NUMBER[3]</property>
			<property name="mainmenuid">4</property>
			<label>$LOCALIZE[31035]</label>
			<label2>Movies</label2>
			<icon>$INFO[Window(Home).Property(SkinHelper.InProgressMoviesBackground)]</icon>
			<thumb />
			<property name="labelID">31035</property>
			<property name="defaultID">135</property>
			<onclick>ActivateWindow(Videos,special://skin/extras/widgetplaylists/inprogressmovies.xsp,return)</onclick>
			<property name="path">ActivateWindow(Videos,special://skin/extras/widgetplaylists/inprogressmovies.xsp,return)</property>
			<property name="list">special://skin/extras/widgetplaylists/inprogressmovies.xsp</property>
			<visible>[String.IsEqual(System.ProfileName,Avi)] + String.IsEqual(Container(900).ListItem.Property(submenuVisibility),movies)</visible>
			<property name="group">movies</property>
			<property name="isSubmenu">True</property>
		</item>
		<item id="4">
			<property name="id">$NUMBER[4]</property>
			<property name="mainmenuid">4</property>
			<label>$LOCALIZE[16101]</label>
			<label2>Movies</label2>
			<icon>$INFO[Window(Home).Property(SkinHelper.UnwatchedMoviesBackground)]</icon>
			<thumb />
			<property name="labelID">16101</property>
			<property name="defaultID">135</property>
			<onclick>ActivateWindow(Videos,special://skin/extras/widgetplaylists/unwatchedmovies.xsp,return)</onclick>
			<property name="path">ActivateWindow(Videos,special://skin/extras/widgetplaylists/unwatchedmovies.xsp,return)</property>
			<property name="list">special://skin/extras/widgetplaylists/unwatchedmovies.xsp</property>
			<visible>[String.IsEqual(System.ProfileName,Avi)] + String.IsEqual(Container(900).ListItem.Property(submenuVisibility),movies)</visible>
			<property name="group">movies</property>
			<property name="isSubmenu">True</property>
		</item>
		<item id="5">
			<property name="id">$NUMBER[5]</property>
			<property name="mainmenuid">4</property>
			<label>$LOCALIZE[135]</label>
			<label2>Movies</label2>
			<icon>$INFO[Window(Home).Property(SkinHelper.AllMoviesBackground)]</icon>
			<thumb />
			<property name="labelID">135</property>
			<property name="defaultID">135</property>
			<visible>[Library.HasContent(Movies)] + String.IsEqual(Container(900).ListItem.Property(submenuVisibility),movies)</visible>
			<onclick>ActivateWindow(Videos,videodb://movies/genres/,return)</onclick>
			<property name="path">ActivateWindow(Videos,videodb://movies/genres/,return)</property>
			<property name="list">videodb://movies/genres/</property>
			<visible>String.IsEqual(System.ProfileName,Avi)</visible>
			<property name="group">movies</property>
			<property name="isSubmenu">True</property>
		</item>
		<item id="6">
			<property name="id">$NUMBER[6]</property>
			<property name="mainmenuid">4</property>
			<label>$LOCALIZE[20434]</label>
			<label2>Movies</label2>
			<icon>$INFO[Window(Home).Property(SkinHelper.AllMoviesBackground)]</icon>
			<thumb />
			<property name="labelID">20434</property>
			<property name="defaultID">135</property>
			<visible>[Library.HasContent(MovieSets)] + String.IsEqual(Container(900).ListItem.Property(submenuVisibility),movies)</visible>
			<onclick>ActivateWindow(Videos,videodb://movies/sets/,return)</onclick>
			<property name="path">ActivateWindow(Videos,videodb://movies/sets/,return)</property>
			<property name="list">videodb://movies/sets/</property>
			<visible>String.IsEqual(System.ProfileName,Avi)</visible>
			<property name="group">movies</property>
			<property name="isSubmenu">True</property>
		</item>
		<item id="1">
			<property name="id">$NUMBER[1]</property>
			<property name="mainmenuid">7</property>
			<label>$LOCALIZE[20077]</label>
			<label2>Settings</label2>
			<icon>resource://resource.images.skinicons.wide/settings.png</icon>
			<thumb />
			<property name="labelID">20077</property>
			<property name="defaultID">20077</property>
			<onclick>ActivateWindow(SkinSettings)</onclick>
			<property name="path">ActivateWindow(SkinSettings)</property>
			<property name="list">SkinSettings</property>
			<visible>[String.IsEqual(System.ProfileName,Avi)] + String.IsEqual(Container(900).ListItem.Property(submenuVisibility),settings)</visible>
			<property name="group">settings</property>
			<property name="isSubmenu">True</property>
		</item>
		<item id="2">
			<property name="id">$NUMBER[2]</property>
			<property name="mainmenuid">7</property>
			<label>$LOCALIZE[10004]</label>
			<label2>Settings</label2>
			<icon>resource://resource.images.skinicons.wide/settings.png</icon>
			<thumb />
			<property name="labelID">settings</property>
			<property name="defaultID">20077</property>
			<onclick>ActivateWindow(Settings)</onclick>
			<property name="path">ActivateWindow(Settings)</property>
			<property name="list">Settings</property>
			<visible>[String.IsEqual(System.ProfileName,Avi)] + String.IsEqual(Container(900).ListItem.Property(submenuVisibility),settings)</visible>
			<property name="group">settings</property>
			<property name="isSubmenu">True</property>
		</item>
		<item id="3">
			<property name="id">$NUMBER[3]</property>
			<property name="mainmenuid">7</property>
			<label>$LOCALIZE[7]</label>
			<label2>Common Shortcut</label2>
			<icon>resource://resource.images.skinicons.wide/filemanager.png</icon>
			<thumb />
			<property name="labelID">7</property>
			<property name="defaultID">7</property>
			<onclick>ActivateWindow(FileManager)</onclick>
			<property name="path">ActivateWindow(FileManager)</property>
			<property name="list">FileManager</property>
			<visible>[String.IsEqual(System.ProfileName,Avi)] + String.IsEqual(Container(900).ListItem.Property(submenuVisibility),settings)</visible>
			<property name="group">settings</property>
			<property name="isSubmenu">True</property>
		</item>
		<item id="4">
			<property name="id">$NUMBER[4]</property>
			<property name="mainmenuid">7</property>
			<label>$LOCALIZE[14111]</label>
			<label2>Common Shortcut</label2>
			<icon>resource://resource.images.skinicons.wide/settings.png</icon>
			<thumb />
			<property name="labelID">14111</property>
			<property name="defaultID">14111</property>
			<visible>[system.getbool(eventlog.enabled)] + String.IsEqual(Container(900).ListItem.Property(submenuVisibility),settings)</visible>
			<onclick>ActivateWindow(eventlog)</onclick>
			<property name="path">ActivateWindow(eventlog)</property>
			<property name="list">eventlog</property>
			<visible>String.IsEqual(System.ProfileName,Avi)</visible>
			<property name="group">settings</property>
			<property name="isSubmenu">True</property>
		</item>
	</include>
	<include name="skinshortcuts-group-num-137">
		<description>No items</description>
	</include>
	<include name="skinshortcuts-group-alt-num-137">
		<description>No items</description>
	</include>
	<include name="skinshortcuts-group-num-10000">
		<description>No items</description>
	</include>
	<include name="skinshortcuts-group-alt-num-10000">
		<description>No items</description>
	</include>
	<include name="skinshortcuts-group-tvshows">
		<item id="1">
			<property name="id">$NUMBER[1]</property>
			<property name="mainmenuid">3</property>
			<label>$LOCALIZE[31051]</label>
			<label2>TV shows</label2>
			<icon>$INFO[Window(Home).Property(SkinHelper.AllTvShowsBackground)]</icon>
			<thumb />
			<property name="labelID">31051</property>
			<property name="defaultID">369</property>
			<visible>Library.HasContent(TVShows)</visible>
			<onclick>ActivateWindow(Videos,videodb://tvshows/titles/,return)</onclick>
			<property name="path">ActivateWindow(Videos,videodb://tvshows/titles/,return)</property>
			<property name="list">videodb://tvshows/titles/</property>
			<visible>String.IsEqual(System.ProfileName,Avi)</visible>
			<property name="group">tvshows</property>
			<property name="isSubmenu">True</property>
		</item>
		<item id="2">
			<property name="id">$NUMBER[2]</property>
			<property name="mainmenuid">3</property>
			<label>$ADDON[script.skin.helper.widgets 32045]</label>
			<label2>TV shows</label2>
			<icon>$INFO[Window(Home).Property(SkinHelper.RecentEpisodesBackground)]</icon>
			<thumb />
			<property name="labelID">addon-script-skin-helper-widgets32045</property>
			<property name="defaultID">369</property>
			<onclick>ActivateWindow(Videos,plugin://script.skin.helper.widgets/?action=recent&amp;mediatype=tvshows&amp;limit=250,return)</onclick>
			<property name="path">ActivateWindow(Videos,plugin://script.skin.helper.widgets/?action=recent&amp;mediatype=tvshows&amp;limit=250,return)</property>
			<property name="list">plugin://script.skin.helper.widgets/?action=recent&amp;mediatype=tvshows&amp;limit=250</property>
			<visible>String.IsEqual(System.ProfileName,Avi)</visible>
			<property name="group">tvshows</property>
			<property name="isSubmenu">True</property>
		</item>
		<item id="3">
			<property name="id">$NUMBER[3]</property>
			<property name="mainmenuid">3</property>
			<label>$LOCALIZE[20387]</label>
			<label2>Videos</label2>
			<icon>$INFO[Window(Home).Property(SkinHelper.RecentEpisodesBackground)]</icon>
			<thumb />
			<property name="labelID">20387</property>
			<property name="defaultID">20387</property>
			<onclick>ActivateWindow(Videos,videodb://recentlyaddedepisodes/,return)</onclick>
			<property name="path">ActivateWindow(Videos,videodb://recentlyaddedepisodes/,return)</property>
			<property name="list">videodb://recentlyaddedepisodes/</property>
			<visible>String.IsEqual(System.ProfileName,Avi)</visible>
			<property name="group">tvshows</property>
			<property name="isSubmenu">True</property>
		</item>
		<item id="4">
			<property name="id">$NUMBER[4]</property>
			<property name="mainmenuid">3</property>
			<label>$LOCALIZE[626]</label>
			<label2>Videos</label2>
			<icon>$INFO[Window(Home).Property(SkinHelper.InProgressShowsBackground)]</icon>
			<thumb />
			<property name="labelID">626</property>
			<property name="defaultID">626</property>
			<onclick>ActivateWindow(Videos,videodb://inprogresstvshows,return)</onclick>
			<property name="path">ActivateWindow(Videos,videodb://inprogresstvshows,return)</property>
			<property name="list">videodb://inprogresstvshows</property>
			<visible>String.IsEqual(System.ProfileName,Avi)</visible>
			<property name="group">tvshows</property>
			<property name="isSubmenu">True</property>
		</item>
		<item id="5">
			<property name="id">$NUMBER[5]</property>
			<property name="mainmenuid">3</property>
			<label>$LOCALIZE[135]</label>
			<label2>TV shows</label2>
			<icon>resource://resource.images.skinicons.wide/defaultgenre.png</icon>
			<thumb />
			<property name="labelID">135</property>
			<property name="defaultID">135</property>
			<visible>Library.HasContent(TVShows)</visible>
			<onclick>ActivateWindow(Videos,videodb://tvshows/genres/,return)</onclick>
			<property name="path">ActivateWindow(Videos,videodb://tvshows/genres/,return)</property>
			<property name="list">videodb://tvshows/genres/</property>
			<visible>String.IsEqual(System.ProfileName,Avi)</visible>
			<property name="group">tvshows</property>
			<property name="isSubmenu">True</property>
		</item>
		<item id="6">
			<property name="id">$NUMBER[6]</property>
			<property name="mainmenuid">3</property>
			<label>$ADDON[script.skin.helper.widgets 32043]</label>
			<label2>TV shows</label2>
			<icon>DefaultShortcut.png</icon>
			<thumb />
			<property name="labelID">addon-script-skin-helper-widgets32043</property>
			<property name="defaultID">369</property>
			<onclick>ActivateWindow(Videos,plugin://script.skin.helper.widgets/?action=nextaired&amp;mediatype=episodes&amp;limit=250,return)</onclick>
			<property name="path">ActivateWindow(Videos,plugin://script.skin.helper.widgets/?action=nextaired&amp;mediatype=episodes&amp;limit=250,return)</property>
			<property name="list">plugin://script.skin.helper.widgets/?action=nextaired&amp;mediatype=episodes&amp;limit=250</property>
			<visible>String.IsEqual(System.ProfileName,Avi)</visible>
			<property name="group">tvshows</property>
			<property name="isSubmenu">True</property>
		</item>
	</include>
	<include name="skinshortcuts-group-alt-tvshows">
		<item id="1">
			<property name="id">$NUMBER[1]</property>
			<property name="mainmenuid">3</property>
			<label>$LOCALIZE[31051]</label>
			<label2>TV shows</label2>
			<icon>$INFO[Window(Home).Property(SkinHelper.AllTvShowsBackground)]</icon>
			<thumb />
			<property name="labelID">31051</property>
			<property name="defaultID">369</property>
			<visible>[Library.HasContent(TVShows)] + String.IsEqual(Window(10000).Property(submenuVisibility),tvshows)</visible>
			<onclick>ActivateWindow(Videos,videodb://tvshows/titles/,return)</onclick>
			<property name="path">ActivateWindow(Videos,videodb://tvshows/titles/,return)</property>
			<property name="list">videodb://tvshows/titles/</property>
			<visible>String.IsEqual(System.ProfileName,Avi)</visible>
			<property name="group">tvshows</property>
			<property name="isSubmenu">True</property>
		</item>
		<item id="2">
			<property name="id">$NUMBER[2]</property>
			<property name="mainmenuid">3</property>
			<label>$ADDON[script.skin.helper.widgets 32045]</label>
			<label2>TV shows</label2>
			<icon>$INFO[Window(Home).Property(SkinHelper.RecentEpisodesBackground)]</icon>
			<thumb />
			<property name="labelID">addon-script-skin-helper-widgets32045</property>
			<property name="defaultID">369</property>
			<onclick>ActivateWindow(Videos,plugin://script.skin.helper.widgets/?action=recent&amp;mediatype=tvshows&amp;limit=250,return)</onclick>
			<property name="path">ActivateWindow(Videos,plugin://script.skin.helper.widgets/?action=recent&amp;mediatype=tvshows&amp;limit=250,return)</property>
			<property name="list">plugin://script.skin.helper.widgets/?action=recent&amp;mediatype=tvshows&amp;limit=250</property>
			<visible>[String.IsEqual(System.ProfileName,Avi)] + String.IsEqual(Window(10000).Property(submenuVisibility),tvshows)</visible>
			<property name="group">tvshows</property>
			<property name="isSubmenu">True</property>
		</item>
		<item id="3">
			<property name="id">$NUMBER[3]</property>
			<property name="mainmenuid">3</property>
			<label>$LOCALIZE[20387]</label>
			<label2>Videos</label2>
			<icon>$INFO[Window(Home).Property(SkinHelper.RecentEpisodesBackground)]</icon>
			<thumb />
			<property name="labelID">20387</property>
			<property name="defaultID">20387</property>
			<onclick>ActivateWindow(Videos,videodb://recentlyaddedepisodes/,return)</onclick>
			<property name="path">ActivateWindow(Videos,videodb://recentlyaddedepisodes/,return)</property>
			<property name="list">videodb://recentlyaddedepisodes/</property>
			<visible>[String.IsEqual(System.ProfileName,Avi)] + String.IsEqual(Window(10000).Property(submenuVisibility),tvshows)</visible>
			<property name="group">tvshows</property>
			<property name="isSubmenu">True</property>
		</item>
		<item id="4">
			<property name="id">$NUMBER[4]</property>
			<property name="mainmenuid">3</property>
			<label>$LOCALIZE[626]</label>
			<label2>Videos</label2>
			<icon>$INFO[Window(Home).Property(SkinHelper.InProgressShowsBackground)]</icon>
			<thumb />
			<property name="labelID">626</property>
			<property name="defaultID">626</property>
			<onclick>ActivateWindow(Videos,videodb://inprogresstvshows,return)</onclick>
			<property name="path">ActivateWindow(Videos,videodb://inprogresstvshows,return)</property>
			<property name="list">videodb://inprogresstvshows</property>
			<visible>[String.IsEqual(System.ProfileName,Avi)] + String.IsEqual(Window(10000).Property(submenuVisibility),tvshows)</visible>
			<property name="group">tvshows</property>
			<property name="isSubmenu">True</property>
		</item>
		<item id="5">
			<property name="id">$NUMBER[5]</property>
			<property name="mainmenuid">3</property>
			<label>$LOCALIZE[135]</label>
			<label2>TV shows</label2>
			<icon>resource://resource.images.skinicons.wide/defaultgenre.png</icon>
			<thumb />
			<property name="labelID">135</property>
			<property name="defaultID">135</property>
			<visible>[Library.HasContent(TVShows)] + String.IsEqual(Window(10000).Property(submenuVisibility),tvshows)</visible>
			<onclick>ActivateWindow(Videos,videodb://tvshows/genres/,return)</onclick>
			<property name="path">ActivateWindow(Videos,videodb://tvshows/genres/,return)</property>
			<property name="list">videodb://tvshows/genres/</property>
			<visible>String.IsEqual(System.ProfileName,Avi)</visible>
			<property name="group">tvshows</property>
			<property name="isSubmenu">True</property>
		</item>
		<item id="6">
			<property name="id">$NUMBER[6]</property>
			<property name="mainmenuid">3</property>
			<label>$ADDON[script.skin.helper.widgets 32043]</label>
			<label2>TV shows</label2>
			<icon>DefaultShortcut.png</icon>
			<thumb />
			<property name="labelID">addon-script-skin-helper-widgets32043</property>
			<property name="defaultID">369</property>
			<onclick>ActivateWindow(Videos,plugin://script.skin.helper.widgets/?action=nextaired&amp;mediatype=episodes&amp;limit=250,return)</onclick>
			<property name="path">ActivateWindow(Videos,plugin://script.skin.helper.widgets/?action=nextaired&amp;mediatype=episodes&amp;limit=250,return)</property>
			<property name="list">plugin://script.skin.helper.widgets/?action=nextaired&amp;mediatype=episodes&amp;limit=250</property>
			<visible>[String.IsEqual(System.ProfileName,Avi)] + String.IsEqual(Window(10000).Property(submenuVisibility),tvshows)</visible>
			<property name="group">tvshows</property>
			<property name="isSubmenu">True</property>
		</item>
	</include>
	<include name="skinshortcuts-group-movies">
		<item id="1">
			<property name="id">$NUMBER[1]</property>
			<property name="mainmenuid">4</property>
			<label>$LOCALIZE[31050]</label>
			<label2>Movies</label2>
			<icon>$INFO[Window(Home).Property(SkinHelper.AllMoviesBackground)]</icon>
			<thumb />
			<property name="labelID">31050</property>
			<property name="defaultID">135</property>
			<visible>Library.HasContent(Movies)</visible>
			<onclick>ActivateWindow(Videos,videodb://movies/titles/,return)</onclick>
			<property name="path">ActivateWindow(Videos,videodb://movies/titles/,return)</property>
			<property name="list">videodb://movies/titles/</property>
			<visible>String.IsEqual(System.ProfileName,Avi)</visible>
			<property name="group">movies</property>
			<property name="isSubmenu">True</property>
		</item>
		<item id="2">
			<property name="id">$NUMBER[2]</property>
			<property name="mainmenuid">4</property>
			<label>$LOCALIZE[31127]</label>
			<label2>Movies</label2>
			<icon>$INFO[Window(Home).Property(SkinHelper.RecentMoviesBackground)]</icon>
			<thumb />
			<property name="labelID">31127</property>
			<property name="defaultID">135</property>
			<onclick>ActivateWindow(Videos,videodb://recentlyaddedmovies/,return)</onclick>
			<property name="path">ActivateWindow(Videos,videodb://recentlyaddedmovies/,return)</property>
			<property name="list">videodb://recentlyaddedmovies/</property>
			<visible>String.IsEqual(System.ProfileName,Avi)</visible>
			<property name="group">movies</property>
			<property name="isSubmenu">True</property>
		</item>
		<item id="3">
			<property name="id">$NUMBER[3]</property>
			<property name="mainmenuid">4</property>
			<label>$LOCALIZE[31035]</label>
			<label2>Movies</label2>
			<icon>$INFO[Window(Home).Property(SkinHelper.InProgressMoviesBackground)]</icon>
			<thumb />
			<property name="labelID">31035</property>
			<property name="defaultID">135</property>
			<onclick>ActivateWindow(Videos,special://skin/extras/widgetplaylists/inprogressmovies.xsp,return)</onclick>
			<property name="path">ActivateWindow(Videos,special://skin/extras/widgetplaylists/inprogressmovies.xsp,return)</property>
			<property name="list">special://skin/extras/widgetplaylists/inprogressmovies.xsp</property>
			<visible>String.IsEqual(System.ProfileName,Avi)</visible>
			<property name="group">movies</property>
			<property name="isSubmenu">True</property>
		</item>
		<item id="4">
			<property name="id">$NUMBER[4]</property>
			<property name="mainmenuid">4</property>
			<label>$LOCALIZE[16101]</label>
			<label2>Movies</label2>
			<icon>$INFO[Window(Home).Property(SkinHelper.UnwatchedMoviesBackground)]</icon>
			<thumb />
			<property name="labelID">16101</property>
			<property name="defaultID">135</property>
			<onclick>ActivateWindow(Videos,special://skin/extras/widgetplaylists/unwatchedmovies.xsp,return)</onclick>
			<property name="path">ActivateWindow(Videos,special://skin/extras/widgetplaylists/unwatchedmovies.xsp,return)</property>
			<property name="list">special://skin/extras/widgetplaylists/unwatchedmovies.xsp</property>
			<visible>String.IsEqual(System.ProfileName,Avi)</visible>
			<property name="group">movies</property>
			<property name="isSubmenu">True</property>
		</item>
		<item id="5">
			<property name="id">$NUMBER[5]</property>
			<property name="mainmenuid">4</property>
			<label>$LOCALIZE[135]</label>
			<label2>Movies</label2>
			<icon>$INFO[Window(Home).Property(SkinHelper.AllMoviesBackground)]</icon>
			<thumb />
			<property name="labelID">135</property>
			<property name="defaultID">135</property>
			<visible>Library.HasContent(Movies)</visible>
			<onclick>ActivateWindow(Videos,videodb://movies/genres/,return)</onclick>
			<property name="path">ActivateWindow(Videos,videodb://movies/genres/,return)</property>
			<property name="list">videodb://movies/genres/</property>
			<visible>String.IsEqual(System.ProfileName,Avi)</visible>
			<property name="group">movies</property>
			<property name="isSubmenu">True</property>
		</item>
		<item id="6">
			<property name="id">$NUMBER[6]</property>
			<property name="mainmenuid">4</property>
			<label>$LOCALIZE[20434]</label>
			<label2>Movies</label2>
			<icon>$INFO[Window(Home).Property(SkinHelper.AllMoviesBackground)]</icon>
			<thumb />
			<property name="labelID">20434</property>
			<property name="defaultID">135</property>
			<visible>Library.HasContent(MovieSets)</visible>
			<onclick>ActivateWindow(Videos,videodb://movies/sets/,return)</onclick>
			<property name="path">ActivateWindow(Videos,videodb://movies/sets/,return)</property>
			<property name="list">videodb://movies/sets/</property>
			<visible>String.IsEqual(System.ProfileName,Avi)</visible>
			<property name="group">movies</property>
			<property name="isSubmenu">True</property>
		</item>
	</include>
	<include name="skinshortcuts-group-alt-movies">
		<item id="1">
			<property name="id">$NUMBER[1]</property>
			<property name="mainmenuid">4</property>
			<label>$LOCALIZE[31050]</label>
			<label2>Movies</label2>
			<icon>$INFO[Window(Home).Property(SkinHelper.AllMoviesBackground)]</icon>
			<thumb />
			<property name="labelID">31050</property>
			<property name="defaultID">135</property>
			<visible>[Library.HasContent(Movies)] + String.IsEqual(Window(10000).Property(submenuVisibility),movies)</visible>
			<onclick>ActivateWindow(Videos,videodb://movies/titles/,return)</onclick>
			<property name="path">ActivateWindow(Videos,videodb://movies/titles/,return)</property>
			<property name="list">videodb://movies/titles/</property>
			<visible>String.IsEqual(System.ProfileName,Avi)</visible>
			<property name="group">movies</property>
			<property name="isSubmenu">True</property>
		</item>
		<item id="2">
			<property name="id">$NUMBER[2]</property>
			<property name="mainmenuid">4</property>
			<label>$LOCALIZE[31127]</label>
			<label2>Movies</label2>
			<icon>$INFO[Window(Home).Property(SkinHelper.RecentMoviesBackground)]</icon>
			<thumb />
			<property name="labelID">31127</property>
			<property name="defaultID">135</property>
			<onclick>ActivateWindow(Videos,videodb://recentlyaddedmovies/,return)</onclick>
			<property name="path">ActivateWindow(Videos,videodb://recentlyaddedmovies/,return)</property>
			<property name="list">videodb://recentlyaddedmovies/</property>
			<visible>[String.IsEqual(System.ProfileName,Avi)] + String.IsEqual(Window(10000).Property(submenuVisibility),movies)</visible>
			<property name="group">movies</property>
			<property name="isSubmenu">True</property>
		</item>
		<item id="3">
			<property name="id">$NUMBER[3]</property>
			<property name="mainmenuid">4</property>
			<label>$LOCALIZE[31035]</label>
			<label2>Movies</label2>
			<icon>$INFO[Window(Home).Property(SkinHelper.InProgressMoviesBackground)]</icon>
			<thumb />
			<property name="labelID">31035</property>
			<property name="defaultID">135</property>
			<onclick>ActivateWindow(Videos,special://skin/extras/widgetplaylists/inprogressmovies.xsp,return)</onclick>
			<property name="path">ActivateWindow(Videos,special://skin/extras/widgetplaylists/inprogressmovies.xsp,return)</property>
			<property name="list">special://skin/extras/widgetplaylists/inprogressmovies.xsp</property>
			<visible>[String.IsEqual(System.ProfileName,Avi)] + String.IsEqual(Window(10000).Property(submenuVisibility),movies)</visible>
			<property name="group">movies</property>
			<property name="isSubmenu">True</property>
		</item>
		<item id="4">
			<property name="id">$NUMBER[4]</property>
			<property name="mainmenuid">4</property>
			<label>$LOCALIZE[16101]</label>
			<label2>Movies</label2>
			<icon>$INFO[Window(Home).Property(SkinHelper.UnwatchedMoviesBackground)]</icon>
			<thumb />
			<property name="labelID">16101</property>
			<property name="defaultID">135</property>
			<onclick>ActivateWindow(Videos,special://skin/extras/widgetplaylists/unwatchedmovies.xsp,return)</onclick>
			<property name="path">ActivateWindow(Videos,special://skin/extras/widgetplaylists/unwatchedmovies.xsp,return)</property>
			<property name="list">special://skin/extras/widgetplaylists/unwatchedmovies.xsp</property>
			<visible>[String.IsEqual(System.ProfileName,Avi)] + String.IsEqual(Window(10000).Property(submenuVisibility),movies)</visible>
			<property name="group">movies</property>
			<property name="isSubmenu">True</property>
		</item>
		<item id="5">
			<property name="id">$NUMBER[5]</property>
			<property name="mainmenuid">4</property>
			<label>$LOCALIZE[135]</label>
			<label2>Movies</label2>
			<icon>$INFO[Window(Home).Property(SkinHelper.AllMoviesBackground)]</icon>
			<thumb />
			<property name="labelID">135</property>
			<property name="defaultID">135</property>
			<visible>[Library.HasContent(Movies)] + String.IsEqual(Window(10000).Property(submenuVisibility),movies)</visible>
			<onclick>ActivateWindow(Videos,videodb://movies/genres/,return)</onclick>
			<property name="path">ActivateWindow(Videos,videodb://movies/genres/,return)</property>
			<property name="list">videodb://movies/genres/</property>
			<visible>String.IsEqual(System.ProfileName,Avi)</visible>
			<property name="group">movies</property>
			<property name="isSubmenu">True</property>
		</item>
		<item id="6">
			<property name="id">$NUMBER[6]</property>
			<property name="mainmenuid">4</property>
			<label>$LOCALIZE[20434]</label>
			<label2>Movies</label2>
			<icon>$INFO[Window(Home).Property(SkinHelper.AllMoviesBackground)]</icon>
			<thumb />
			<property name="labelID">20434</property>
			<property name="defaultID">135</property>
			<visible>[Library.HasContent(MovieSets)] + String.IsEqual(Window(10000).Property(submenuVisibility),movies)</visible>
			<onclick>ActivateWindow(Videos,videodb://movies/sets/,return)</onclick>
			<property name="path">ActivateWindow(Videos,videodb://movies/sets/,return)</property>
			<property name="list">videodb://movies/sets/</property>
			<visible>String.IsEqual(System.ProfileName,Avi)</visible>
			<property name="group">movies</property>
			<property name="isSubmenu">True</property>
		</item>
	</include>
	<include name="skinshortcuts-group-num-31534">
		<description>No items</description>
	</include>
	<include name="skinshortcuts-group-alt-num-31534">
		<description>No items</description>
	</include>
	<include name="skinshortcuts-group-num-31837">
		<description>No items</description>
	</include>
	<include name="skinshortcuts-group-alt-num-31837">
		<description>No items</description>
	</include>
	<include name="skinshortcuts-group-settings">
		<item id="1">
			<property name="id">$NUMBER[1]</property>
			<property name="mainmenuid">7</property>
			<label>$LOCALIZE[20077]</label>
			<label2>Settings</label2>
			<icon>resource://resource.images.skinicons.wide/settings.png</icon>
			<thumb />
			<property name="labelID">20077</property>
			<property name="defaultID">20077</property>
			<onclick>ActivateWindow(SkinSettings)</onclick>
			<property name="path">ActivateWindow(SkinSettings)</property>
			<property name="list">SkinSettings</property>
			<visible>String.IsEqual(System.ProfileName,Avi)</visible>
			<property name="group">settings</property>
			<property name="isSubmenu">True</property>
		</item>
		<item id="2">
			<property name="id">$NUMBER[2]</property>
			<property name="mainmenuid">7</property>
			<label>$LOCALIZE[10004]</label>
			<label2>Settings</label2>
			<icon>resource://resource.images.skinicons.wide/settings.png</icon>
			<thumb />
			<property name="labelID">settings</property>
			<property name="defaultID">20077</property>
			<onclick>ActivateWindow(Settings)</onclick>
			<property name="path">ActivateWindow(Settings)</property>
			<property name="list">Settings</property>
			<visible>String.IsEqual(System.ProfileName,Avi)</visible>
			<property name="group">settings</property>
			<property name="isSubmenu">True</property>
		</item>
		<item id="3">
			<property name="id">$NUMBER[3]</property>
			<property name="mainmenuid">7</property>
			<label>$LOCALIZE[7]</label>
			<label2>Common Shortcut</label2>
			<icon>resource://resource.images.skinicons.wide/filemanager.png</icon>
			<thumb />
			<property name="labelID">7</property>
			<property name="defaultID">7</property>
			<onclick>ActivateWindow(FileManager)</onclick>
			<property name="path">ActivateWindow(FileManager)</property>
			<property name="list">FileManager</property>
			<visible>String.IsEqual(System.ProfileName,Avi)</visible>
			<property name="group">settings</property>
			<property name="isSubmenu">True</property>
		</item>
		<item id="4">
			<property name="id">$NUMBER[4]</property>
			<property name="mainmenuid">7</property>
			<label>$LOCALIZE[14111]</label>
			<label2>Common Shortcut</label2>
			<icon>resource://resource.images.skinicons.wide/settings.png</icon>
			<thumb />
			<property name="labelID">14111</property>
			<property name="defaultID">14111</property>
			<visible>system.getbool(eventlog.enabled)</visible>
			<onclick>ActivateWindow(eventlog)</onclick>
			<property name="path">ActivateWindow(eventlog)</property>
			<property name="list">eventlog</property>
			<visible>String.IsEqual(System.ProfileName,Avi)</visible>
			<property name="group">settings</property>
			<property name="isSubmenu">True</property>
		</item>
	</include>
	<include name="skinshortcuts-group-alt-settings">
		<item id="1">
			<property name="id">$NUMBER[1]</property>
			<property name="mainmenuid">7</property>
			<label>$LOCALIZE[20077]</label>
			<label2>Settings</label2>
			<icon>resource://resource.images.skinicons.wide/settings.png</icon>
			<thumb />
			<property name="labelID">20077</property>
			<property name="defaultID">20077</property>
			<onclick>ActivateWindow(SkinSettings)</onclick>
			<property name="path">ActivateWindow(SkinSettings)</property>
			<property name="list">SkinSettings</property>
			<visible>[String.IsEqual(System.ProfileName,Avi)] + String.IsEqual(Window(10000).Property(submenuVisibility),settings)</visible>
			<property name="group">settings</property>
			<property name="isSubmenu">True</property>
		</item>
		<item id="2">
			<property name="id">$NUMBER[2]</property>
			<property name="mainmenuid">7</property>
			<label>$LOCALIZE[10004]</label>
			<label2>Settings</label2>
			<icon>resource://resource.images.skinicons.wide/settings.png</icon>
			<thumb />
			<property name="labelID">settings</property>
			<property name="defaultID">20077</property>
			<onclick>ActivateWindow(Settings)</onclick>
			<property name="path">ActivateWindow(Settings)</property>
			<property name="list">Settings</property>
			<visible>[String.IsEqual(System.ProfileName,Avi)] + String.IsEqual(Window(10000).Property(submenuVisibility),settings)</visible>
			<property name="group">settings</property>
			<property name="isSubmenu">True</property>
		</item>
		<item id="3">
			<property name="id">$NUMBER[3]</property>
			<property name="mainmenuid">7</property>
			<label>$LOCALIZE[7]</label>
			<label2>Common Shortcut</label2>
			<icon>resource://resource.images.skinicons.wide/filemanager.png</icon>
			<thumb />
			<property name="labelID">7</property>
			<property name="defaultID">7</property>
			<onclick>ActivateWindow(FileManager)</onclick>
			<property name="path">ActivateWindow(FileManager)</property>
			<property name="list">FileManager</property>
			<visible>[String.IsEqual(System.ProfileName,Avi)] + String.IsEqual(Window(10000).Property(submenuVisibility),settings)</visible>
			<property name="group">settings</property>
			<property name="isSubmenu">True</property>
		</item>
		<item id="4">
			<property name="id">$NUMBER[4]</property>
			<property name="mainmenuid">7</property>
			<label>$LOCALIZE[14111]</label>
			<label2>Common Shortcut</label2>
			<icon>resource://resource.images.skinicons.wide/settings.png</icon>
			<thumb />
			<property name="labelID">14111</property>
			<property name="defaultID">14111</property>
			<visible>[system.getbool(eventlog.enabled)] + String.IsEqual(Window(10000).Property(submenuVisibility),settings)</visible>
			<onclick>ActivateWindow(eventlog)</onclick>
			<property name="path">ActivateWindow(eventlog)</property>
			<property name="list">eventlog</property>
			<visible>String.IsEqual(System.ProfileName,Avi)</visible>
			<property name="group">settings</property>
			<property name="isSubmenu">True</property>
		</item>
	</include>
	<include name="skinshortcuts-group-powermenu">
		<description>No items</description>
	</include>
	<include name="skinshortcuts-group-alt-powermenu">
		<description>No items</description>
	</include>
</includes>
