<?xml version="1.0" encoding="UTF-8"?>
<window id="142"><!-- Aeon MQ 6 -->
	<defaultcontrol>-</defaultcontrol>
	<controls>
	<control type="group">
	<animation effect="slide" time="400" start="0,-250" end="0,0" easing="inout" tween="cubic">WindowOpen</animation>
	<animation effect="slide" time="400" start="0,-250" end="0,0" easing="inout" tween="cubic">Visible</animation>
	<animation effect="slide" time="400" start="0,0" end="0,-250" easing="inout" tween="cubic">WindowClose</animation>
	<animation effect="slide" time="400" start="0,0" end="0,-250" easing="inout" tween="cubic">Hidden</animation>
	<visible>![Skin.HasSetting(novideofurniture) | Window.IsActive(SubtitleSearch) | Window.IsActive(pvrosdguide) | Window.IsActive(pvrosdchannels) | Window.IsActive(123) | Window.IsActive(124)]</visible>
	<control type="image">
	<left>0</left>
	<top>0</top>
	<height>150</height>
	<width>1280</width>
	<texture flipy="true" diffuse="shadow_mask.png">darkgrey.png</texture>
	<colordiffuse>$VAR[value_texturecolor]</colordiffuse>
	<animation effect="fade" end="85" condition="true">Conditional</animation>
	</control>
<control type="image"><!-- TopLogo e Clearart -->
    <left>30</left>
    <top>8</top>
    <width>140</width>
    <height>55</height>
    <aspectratio aligny="top">keep</aspectratio>
    <texture background="true">$VAR[value_art]</texture>
    <visible>Skin.HasSetting(clearlogotitle) + !IsEmpty(Player.Art(clearlogo))</visible>
    </control>
  <control type="label"><!-- Tagline -->
    <left>30</left>
    <top>55</top>
    <width>1050</width>
    <height>25</height>
    <font>Font_18A</font>
    <label>$VAR[value_videoosdtag]</label>
    <textcolor>90FFFFFF</textcolor>
    <scroll>true</scroll>
    <scrollout>false</scrollout>
    <visible>Skin.HasSetting(clearlogotitle) + !IsEmpty(Player.Art(clearlogo))</visible>
    </control>
  <control type="label"><!-- Title If No logo -->
    <left>30</left>
    <top>8</top>
    <width>1070</width>
    <height>40</height>
    <font>Font_40</font>
    <label>$VAR[value_videoosdtitle]</label>
    <textcolor>FFFFFAF0</textcolor>
    <scroll>true</scroll>
    <scrollout>false</scrollout>
    <visible>![Skin.HasSetting(clearlogotitle) + !IsEmpty(Player.Art(clearlogo))]</visible>
    </control>
  <control type="label"> <!-- tagline no Logo -->
    <left>30</left>
    <top>55</top>
    <width>1050</width>
    <height>25</height>
    <font>Font_18A</font>
    <label>$VAR[value_videoosdtag]</label>
    <textcolor>90FFFFFF</textcolor>
    <scroll>true</scroll>
    <scrollout>false</scrollout>
    <visible>![Skin.HasSetting(clearlogotitle) + !IsEmpty(Player.Art(clearlogo))]</visible>
    </control> 
	<control type="image"><!-- Star -->
	<left>1115</left>
	<top>15</top>
	<width>150</width>
	<height>25</height>
	<align>right</align>
	<aligny>center</aligny>
	<info>Player.StarRating</info>
	<colordiffuse>$VAR[value_headercolor]</colordiffuse>
	<aspectratio align="center" aligny="center">keep</aspectratio>
	<visible>!VideoPlayer.Content(LiveTV)</visible>
	</control>
	<control type="label">
	<left>1100</left>
	<top>30</top>
	<width>150</width>
	<height>60</height>
	<align>right</align>
	<aligny>center</aligny>
	<font>Font_18A</font>
	<label>$INFO[VideoPlayer.RatingAndVotes]</label>
	<textcolor>$VAR[value_headercolor]</textcolor>
	<scroll>true</scroll>
	<scrollout>false</scrollout>
	<visible>!VideoPlayer.Content(LiveTV)</visible>
	</control>
	<control type="group">
	<left>1173</left>
	<top>75</top>
	<visible>!SubString(VideoPlayer.top250,0,Left) + !IsEmpty(VideoPlayer.top250)</visible>
	<control type="label"><!-- Top 250 -->
	<top>-10</top>
	<font>Font_15</font>
	<include>FlagLabel</include>
	<label>$LOCALIZE[31994]</label>
	</control>
	<control type="label"><!-- Top 250 info -->
	<top>6</top>
	<font>Font_23</font>
	<include>FlagLabel</include>
	<label>$INFO[VideoPlayer.Top250]</label>
	</control>
	</control>
	</control>

	<control type="group">
	<animation effect="slide" time="400" start="0,800" end="0,0" easing="out" tween="cubic">WindowOpen</animation>
	<animation effect="slide" time="400" start="0,800" end="0,0" easing="out" tween="cubic">Visible</animation>
	<animation effect="slide" time="400" start="0,0" end="0,800" easing="in" tween="cubic">WindowClose</animation>
	<animation effect="slide" time="400" start="0,0" end="0,800" easing="in" tween="cubic">Hidden</animation>
	<visible>![Window.IsActive(SubtitleSearch) | Window.IsActive(pvrosdguide) | Window.IsActive(pvrosdchannels) | Window.IsActive(123) | Window.IsActive(124)]</visible>
	<control type="image">
	<left>0</left>
	<top>550</top>
	<height>170</height>
	<width>1280</width>
	<texture diffuse="shadow_mask.png">darkgrey.png</texture>
	<colordiffuse>$VAR[value_floorcolor]</colordiffuse>	
	<animation effect="fade" end="95" condition="true">Conditional</animation>
	</control>
	<control type="group">
	<animation effect="slide" start="0,0" end="0,-25" time="300" tween="cubic" easing="out" condition="Player.Forwarding">Conditional</animation>
	<control type="progress" id="23">
	<left>20</left>
	<top>664</top>
	<width>250</width>
	<height>10</height>
	<info>Player.Progress</info>
	</control>
	<control type="label">
	<left>30</left>
	<top>680</top>
	<width>230</width>
	<height>25</height>
	<font>Font_23</font>
	<align>center</align>
	<textcolor>FFFFFAF0</textcolor>
	<label>$INFO[VideoPlayer.Time] / $INFO[VideoPlayer.Duration]</label>
	</control>
	</control>
	<control type="group">
	<animation effect="slide" start="0,0" end="0,-25" time="300" tween="cubic" easing="out" condition="Player.Rewinding">Conditional</animation>
	<control type="label"><!-- Hora atual -->
	<left>880</left>
	<top>664</top>
	<width>120</width>
	<height>25</height>
	<align>right</align>
	<font>Font_15</font>
	<textcolor>$VAR[value_headercolor]</textcolor>
	<label>31310</label>
	</control>
	<control type="label">
	<left>880</left>
	<top>680</top>
	<width>120</width>
	<height>25</height>
	<align>right</align>
	<font>Font_23</font>
	<textcolor>FFFFFAF0</textcolor>
	<label>$INFO[System.Time]</label>
	</control>
	<control type="image">
	<left>1014</left>
	<top>665</top>
	<height>40</height>
	<width>1</width>
	<texture>line_v.png</texture>
	</control>
	<control type="label"><!-- Tempo restante -->
	<left>1005</left>
	<top>664</top>
	<width>120</width>
	<height>25</height>
	<align>right</align>
	<font>Font_15</font>
	<textcolor>$VAR[value_headercolor]</textcolor>
	<label>31991</label>
	</control>
	<control type="label">
	<left>1005</left>
	<top>680</top>
	<width>120</width>
	<height>25</height>
	<align>right</align>
	<font>Font_23</font>
	<textcolor>FFFFFAF0</textcolor>
	<label>$INFO[Player.TimeRemaining]</label>
	</control>
	<control type="image">
	<left>1139</left>
	<top>665</top>
	<height>40</height>
	<width>1</width>
	<texture>line_v.png</texture>
	</control>
	<control type="label"><!-- Hora do termino -->
	<left>1130</left>
	<top>664</top>
	<width>120</width>
	<height>25</height>
	<align>right</align>
	<font>Font_15</font>
	<textcolor>$VAR[value_headercolor]</textcolor>
	<label>31311</label>
	<scroll>true</scroll>
	</control>
	<control type="label">
	<left>1130</left>
	<top>680</top>
	<width>120</width>
	<height>25</height>
	<align>right</align>
	<font>Font_23</font>
	<textcolor>FFFFFAF0</textcolor>
	<label>$INFO[Player.FinishTime]</label>
	</control>
	</control>
	</control>

	<control type="group">
	<top>-70</top>	
	<animation effect="slide" time="400" start="0,800" end="0,0" easing="out" tween="cubic">WindowOpen</animation>
	<animation effect="slide" time="400" start="0,800" end="0,0" easing="out" tween="cubic">Visible</animation>
	<animation effect="slide" time="400" start="0,0" end="0,800" easing="in" tween="cubic">WindowClose</animation>
	<animation effect="slide" time="400" start="0,0" end="0,800" easing="in" tween="cubic">Hidden</animation>	
	<animation effect="slide" start="0,0" end="0,-25" time="300" tween="cubic" easing="out" condition="Player.Forwarding | Player.Rewinding">Conditional</animation>
	<animation effect="slide" start="0,0" end="0,-67" time="400" tween="cubic" easing="inout" condition="Window.IsActive(videoosd)">Conditional</animation>
	<visible>![Window.IsActive(SubtitleSearch) | Window.IsActive(pvrosdguide) | Window.IsActive(pvrosdchannels) | Window.IsActive(123) | Window.IsActive(124)]</visible>
	<control type="image"><!-- Barra de flags -->
	<left>220</left>
	<top>682</top>
	<height>31</height>
	<width>620</width>
	<texture>whitebar_h.png</texture>
	<colordiffuse>$VAR[value_floorcolor]</colordiffuse>
	</control>
	<control type="grouplist"><!-- Etiquetas -->
	<left>250</left>
	<top>672</top>
	<orientation>horizontal</orientation>
	<itemgap>13</itemgap>
	<control type="image"><!-- Mpaa -->
	<include>FlagImage</include>
	<texture background="true">$VAR[value_mpaa_fs]</texture>
	</control>
	<control type="image"><!-- Codec de video -->
	<include>FlagImage</include>
	<texture background="true">$VAR[value_videocodec_fs]</texture>
	</control>
	<control type="label"><!-- Resolucao -->
	<include>FlagLabel</include>
	<label>[B]$VAR[value_videoresolution_fs][/B]</label>
	</control>
	<control type="label"><!-- Aspecto -->
	<include>FlagLabel</include>
	<label>$INFO[Videoplayer.VideoAspect]:1</label>
	</control>
	<control type="image"><!-- Codec de audio -->
	<include>FlagImage</include>
	<texture>$INFO[Videoplayer.AudioCodec,flags/audiocodec/,.png]</texture>
	</control>
	<control type="label"><!-- Canais -->
	<include>FlagLabel</include>
	<label>[B]$VAR[value_audiochannels_fs][/B]</label>
	</control>
	</control>
<control type="image"><!-- Logo e Clearart -->
	<left>865</left>
	<top>108</top>
	<width>350</width>
	<height>340</height>
    <aspectratio aligny="bottom">keep</aspectratio>
    <texture background="true">$VAR[value_art_full]</texture>
    </control> 
	<control type="image"><!-- Fundo -->
	<left>0</left>
	<top>436</top>
	<width>1280</width>
	<height>300</height>
	<texture>widget_fullscreen.png</texture>
	<colordiffuse>$VAR[value_texturecolor]</colordiffuse>
	<include>Animation_DefaultGlass</include>
	</control>
	<control type="image"><!-- Barra de titulos -->
	<left>0</left>
	<top>450</top>
	<width>1280</width>
	<height>20</height>
	<texture>darkgrey.png</texture>
	<colordiffuse>$VAR[value_texturecolor]</colordiffuse>
	<include>Animation_DefaultGlass</include>
	</control>
	<control type="image">
	<animation effect="rotate" end="-360" center="auto" time="2000" loop="true" reversible="false" condition="StringCompare(skin.string(cdart_seconds),2000)">Conditional</animation>
	<animation effect="rotate" end="-360" center="auto" time="4000" loop="true" reversible="false" condition="StringCompare(skin.string(cdart_seconds),4000)">Conditional</animation>
	<animation effect="rotate" end="-360" center="auto" time="8000" loop="true" reversible="false" condition="StringCompare(skin.string(cdart_seconds),8000)">Conditional</animation>
	<animation effect="rotate" end="-360" center="auto" time="16000" loop="true" reversible="false" condition="StringCompare(skin.string(cdart_seconds),16000)">Conditional</animation>
	<animation effect="rotate" end="-360" center="auto" time="20000" loop="true" reversible="false" condition="StringCompare(skin.string(cdart_seconds),20000)">Conditional</animation>
	<left>20</left>
	<top>360</top>
	<width>180</width>
	<height>180</height>
	<texture diffuse="cdart_diffuse.png" background="true">$VAR[value_videodisc]</texture>
	<aspectratio align="center" aligny="center">keep</aspectratio>
	<visible>!IsEmpty(Player.Art(discart))</visible>
	</control>
	<control type="image">
	<left>8</left>
	<top>451</top>
	<width>194</width>
	<height>268</height>
	<texture>darkgrey.png</texture>
	<colordiffuse>$VAR[value_texturecolor]</colordiffuse>
	</control>
	<control type="image"><!-- Cover -->
	<left>10</left>
	<top>451</top>
	<width>190</width>
	<height>268</height>
	<texture>$VAR[value_thumbfullscreen]</texture>
	<aspectratio align="right">keep</aspectratio>
	<bordertexture border="-2">darkgrey.png</bordertexture>
	</control>
	<control type="label"><!-- Titulo enredo -->
	<left>220</left>
	<top>447</top>
	<width>300</width>
	<height>25</height>
	<align>left</align>
	<font>Font_17</font>
	<textcolor>$VAR[value_headercolor]</textcolor>
	<label>31530</label>
	</control>
	<control type="textbox"><!-- Plot -->
	<left>220</left>
	<top>480</top>
	<width>620</width>
	<height>180</height>
	<font>Font_18A</font>
	<label>$INFO[VideoPlayer.Plot]</label>
	<textcolor>FFFFFAF0</textcolor>
	<autoscroll delay="20000" time="4000" repeat="15000">true</autoscroll>
	</control>
	<control type="group">
	<visible>!VideoPlayer.Content(LiveTV)</visible>
	<control type="label"><!-- Titulo elenco -->
	<left>880</left>
	<top>447</top>
	<width>300</width>
	<height>25</height>
	<align>left</align>
	<font>Font_17</font>
	<textcolor>$VAR[value_headercolor]</textcolor>
	<label>31703</label>
	</control>
	<control type="textbox"><!-- Cast -->
	<left>880</left>
	<top>480</top>
	<width>380</width>
	<height>230</height>
	<font>Font_18A</font>
	<label>$INFO[VideoPlayer.CastAndRole]</label>
	<textcolor>FFFFFAF0</textcolor>
	<autoscroll delay="20000" time="4000" repeat="15000">true</autoscroll>
	</control>
	</control>
	</control>

	<!-- Seek Widget -->
	<control type="group">
	<animation type="WindowOpen" condition="true">
	<effect type="slide" time="400" start="0,800" end="0,0" easing="out" tween="cubic"/>
	</animation>
	<animation type="WindowClose" condition="true">
	<effect type="slide" time="400" start="0,0" end="0,800" easing="in" tween="cubic"/>
	</animation>
	<control type="group">
	<left>-500</left>
	<top>693</top>
	<width>499</width>
	<height>28</height>
	<animation effect="slide" end="200,0" time="200" condition="Player.Forwarding2x">Conditional</animation>
	<animation effect="slide" end="275,0" time="200" condition="Player.Forwarding4x">Conditional</animation>
	<animation effect="slide" end="350,0" time="200" condition="Player.Forwarding8x">Conditional</animation>
	<animation effect="slide" end="425,0" time="200" condition="Player.Forwarding16x">Conditional</animation>
	<animation effect="slide" end="499,0" time="200" condition="Player.Forwarding32x">Conditional</animation>
	<control type="image">
	<left>0</left>
	<top>0</top>
	<width>499</width>
	<height>28</height>
	<texture flipy="true">osd_button_reverse.png</texture>
	</control>
	<control type="label">
	<include>OSDSeekForward</include>
	<label>$VAR[value_seekforward]</label>
	</control>
	</control>
	<control type="group">
	<left>1280</left>
	<top>693</top>
	<width>499</width>
	<height>28</height>
	<animation effect="slide" end="-200,0" time="200" condition="Player.Rewinding2x">Conditional</animation>
	<animation effect="slide" end="-275,0" time="200" condition="Player.Rewinding4x">Conditional</animation>
	<animation effect="slide" end="-350,0" time="200" condition="Player.Rewinding8x">Conditional</animation>
	<animation effect="slide" end="-425,0" time="200" condition="Player.Rewinding16x">Conditional</animation>
	<animation effect="slide" end="-499,0" time="200" condition="Player.Rewinding32x">Conditional</animation>
	<control type="image">
	<left>0</left>
	<top>0</top>
	<width>499</width>
	<height>28</height>
	<texture flipy="true" flipx="true">osd_button_reverse.png</texture>
	</control>
	<control type="label">
	<include>OSDSeekReverse</include>
	<label>$VAR[value_seekreverse]</label>
	</control>
	</control>
	</control>

	<control type="label">
	<left>-320</left>
	<top>180</top>
	<width>1920</width>
	<height>105</height>
	<align>center</align>
	<aligny>center</aligny>
	<font>Font_100</font>
	<label>31737</label>
	<textcolor>80FFFAF0</textcolor>
	<visible>Player.Paused + ![Skin.HasSetting(nopausedlabel) | Window.IsActive(SubtitleSearch) | Window.IsActive(pvrosdguide) | Window.IsActive(pvrosdchannels) | Window.IsActive(123) | Window.IsActive(124)]</visible>
	<animation type="Visible">
	<effect type="slide" start="0,-600" end="0,0" time="600" tween="cubic" easing="out" />
	<effect type="fade" start="0" end="100" time="600" />
	</animation>
	<animation type="WindowOpen">
	<effect type="slide" start="0,-600" end="0,0" time="600" tween="cubic" easing="out" />
	<effect type="fade" start="0" end="100" time="600" />
	</animation>
	<animation type="WindowClose">
	<effect type="slide" start="0,0" end="-600,0" time="600" tween="cubic" easing="out" />
	<effect type="fade" start="100" end="0" time="400" />
	</animation>
	<animation type="Hidden">
	<effect type="slide" start="0,0" end="-600,0" time="600" tween="cubic" easing="out" />
	<effect type="fade" start="100" end="0" time="400" />
	</animation>
	</control>
	</controls>
</window>
