<?xml version="1.0" encoding="UTF-8"?>
<window>
	<backgroundcolor>00X000000</backgroundcolor>
	<include>animation_dialogue</include>
	<onload condition="control.isvisible(109)">control.setfocus(109)</onload>
	<onload condition="control.isvisible(108)">control.setfocus(108)</onload>
	<onload condition="control.isvisible(107)">control.setfocus(107)</onload>
	<onload condition="control.isvisible(106)">control.setfocus(106)</onload>	
<controls>	
	<include>image_fond</include>
	<control type="group">
		<animation effect="slide" start="0,0" end="1920,0" time="1" condition="window.isvisible(selectdialog) | window.isvisible(filebrowser)" reversible="false">conditional</animation>
		<animation effect="slide" start="1920,0" end="0,0" delay="100" time="1" condition="!window.isvisible(selectdialog) + !window.isvisible(filebrowser)" reversible="false">conditional</animation>				
	<control type="image" id="703">																												<description>fanart arriere plan</description>
		<aspectratio>scale</aspectratio>
		<texture background="true">$INFO[listitem.art(fanart)]</texture>		
		<animation effect="fade" start="0" end="100" time="1000" reversible="false">windowopen</animation>
		<animation effect="fade" start="100" end="0" time="1" reversible="false">windowclose</animation>
		<visible>!string.isempty(listitem.art(fanart)) + !string.endswith(listitem.art(fanart),none)</visible>
	</control>
	<control type="image" id="704">																												<description>fanart arriere plan</description>
		<aspectratio>scale</aspectratio>
		<texture background="true">$INFO[listitem.art(thumb)]</texture>		
		<animation effect="fade" start="0" end="100" time="1000" reversible="false">windowopen</animation>
		<animation effect="fade" start="100" end="0" time="1" reversible="false">windowclose</animation>
		<visible>!control.isvisible(703) + !string.isempty(listitem.art(thumb)) + !string.endswith(listitem.art(thumb),none)</visible>
	</control>
	<control type="image">																														<description>fanart arriere plan</description>
		<aspectratio>scale</aspectratio>
		<texture background="true">$INFO[skin.string(arriere_plan_addon)]</texture>		
		<animation effect="fade" start="0" end="100" time="1000" reversible="false">windowopen</animation>
		<animation effect="fade" start="100" end="0" time="1" reversible="false">windowclose</animation>
		<visible>!control.isvisible(703) + !control.isvisible(704)</visible>
	</control>
	<control type="image">																														<description>masque arriere plan</description>
		<aspectratio>scale</aspectratio>
		<texture colordiffuse="ebffffff">commun/fond.png</texture>				
	</control>	
	<control type="button">																														<description>titre</description>
		<left>40</left>
		<top>35</top>
		<height>60</height>			
		<width max="1020">auto</width>				
		<font>menu</font>
		<textcolor>ffffffff</textcolor>
		<align>center</align>
		<label>$INFO[listitem.AddonName]</label>
		<scroll>true</scroll>
	<include content="bouton">
		<param name="texturenofocus" value="00000000"/>
		<param name="texturenofocus_colordiffuse" value="00000000"/>
	</include>
	</control>		
	<control type="image">																														<description>fond heure</description>
		<right>40</right>
		<top>35</top>
		<height>60</height>			
		<width>140</width>
		<aspectratio>stretch</aspectratio>
		<texture border="30" colordiffuse="1affffff">commun/bouton.png</texture>				
	</control>
	<control type="label">																														<description>heure</description>
		<right>40</right>
		<top>35</top>
		<height>60</height>			
		<width>140</width>				
		<font>menu</font>
		<textcolor>Material_teal</textcolor>
		<align>center</align>
		<label>$INFO[system.time(hh:mm)]</label>		
	</control>
	<control type="image">																														<description>panneau gris</description>
		<top>600</top>
		<height>400</height>
		<aspectratio>stretch</aspectratio>
		<texture colordiffuse="bf201f20">commun/texture.png</texture>		
	</control>
	<control type="group">																														<description>poster</description>
		<top>150</top>		
		<left>200</left>
		<height>700</height>
		<width>567</width>			
	<control type="image">
		<bottom>100</bottom>
		<aspectratio align="center" aligny="bottom">keep</aspectratio>
		<texture background="true" fallback="DefaultAddon.png" border="10">$INFO[listitem.icon]</texture>
	</control>	
	</control>	
	<control type="grouplist">																													<description>informations</description>
		<top>220</top>
		<left>800</left>
		<width>500</width>
		<height>auto</height>
		<itemgap>20</itemgap>
        <orientation>vertical</orientation>		
	<control type="button">	
		<height>22</height>			
		<width>auto</width>				
		<align>center</align>	
		</control>
	<control type="label">
		<height>20</height>
		<font>texte_infos</font>
		<textcolor>80ffffff</textcolor><label>[B]$LOCALIZE[31150][/B]   $INFO[listitem.AddonOrigin]</label>
		<visible>!string.isempty(listitem.AddonOrigin) + !string.isequal(listitem.AddonOrigin,$LOCALIZE[1446])</visible>			
	</control>
	<control type="label">
		<height>20</height>
		<font>texte_infos</font>
		<textcolor>80ffffff</textcolor><label>[B]$LOCALIZE[21863][/B]   $INFO[listitem.AddonCreator]</label>
		<visible>!string.isempty(listitem.AddonCreator)</visible>			
	</control>
	<control type="label">
		<height>20</height>
		<font>texte_infos</font>
		<textcolor>80ffffff</textcolor><label>[B]$LOCALIZE[19114][/B]   $INFO[listitem.AddonVersion]</label>
		<visible>!string.isempty(listitem.AddonVersion)</visible>			
	</control>
	<control type="label">
		<height>20</height>
		<font>texte_infos</font>
		<textcolor>80ffffff</textcolor><label>[B]$LOCALIZE[35257][/B]   $INFO[listitem.AddonInstallDate]</label>
		<visible>!string.isEmpty(ListItem.AddonInstallDate) + !string.contains(ListItem.AddonInstallDate,1601)</visible>			
	</control>
	<control type="label">
		<height>20</height>
		<font>texte_infos</font>
		<textcolor>80ffffff</textcolor><label>[B]$LOCALIZE[12014][/B]   $INFO[listitem.AddonLastUpdated]</label>
		<visible>!string.isEmpty(ListItem.AddonLastUpdated)</visible>			
	</control>
	<control type="label">
		<height>20</height>
		<font>texte_infos</font>
		<textcolor>80ffffff</textcolor><label>[B]$LOCALIZE[31299][/B]   $INFO[listitem.AddonLastUsed]</label>
		<visible>!string.isEmpty(ListItem.AddonLastUsed)</visible>			
	</control>
	<control type="label">
		<height>20</height>
		<font>texte_infos</font>
		<textcolor>80ffffff</textcolor><label>[B]$LOCALIZE[21802][/B]   $INFO[listitem.AddonSize]</label>
		<visible>!string.isEmpty(ListItem.AddonSize)</visible>			
	</control>	
	<control type="button">	
		<height>22</height>			
		<width>auto</width>				
		<align>center</align>	
	<include content="petit_bouton">
		<param name="label" value="[UPPERCASE]$LOCALIZE[24995][/UPPERCASE]"/>
		<param name="textcolor" value="ffffffff"/>
		<param name="textoffsetx" value="15"/>
		<param name="texturenofocus" value="commun/bouton.png"/>
		<param name="texturenofocus_colordiffuse" value="ff8d0204"/>
	</include>
		<visible>ListItem.Property(Addon.Orphaned)</visible>
	</control>
	<control type="button">	
		<height>22</height>			
		<width>auto</width>				
		<align>center</align>	
	<include content="petit_bouton">
		<param name="label" value="[UPPERCASE]$LOCALIZE[305][/UPPERCASE]"/>
		<param name="textcolor" value="ffffffff"/>
		<param name="textoffsetx" value="15"/>
		<param name="texturenofocus" value="commun/bouton.png"/>
		<param name="texturenofocus_colordiffuse" value="00000000"/>
	</include>
		<visible>!String.StartsWith(Control.GetLabel(7),$LOCALIZE[24022])</visible>
	</control>
	<control type="button">	
		<height>22</height>			
		<width>auto</width>				
		<align>center</align>	
	<include content="petit_bouton">
		<param name="label" value="[UPPERCASE]$LOCALIZE[31363][/UPPERCASE]"/>
		<param name="textcolor" value="ffffffff"/>
		<param name="textoffsetx" value="15"/>
		<param name="texturenofocus" value="commun/bouton.png"/>
		<param name="texturenofocus_colordiffuse" value="ff8d0204"/>
	</include>
		<visible>String.StartsWith(Control.GetLabel(6),$LOCALIZE[24038])</visible>
	</control>	
	<control type="button">	
		<height>22</height>			
		<width>auto</width>				
		<align>center</align>	
	<include content="petit_bouton">
		<param name="label" value="[UPPERCASE]$LOCALIZE[31364][/UPPERCASE]"/>
		<param name="textcolor" value="ffffffff"/>
		<param name="textoffsetx" value="15"/>
		<param name="texturenofocus" value="commun/bouton.png"/>
		<param name="texturenofocus_colordiffuse" value="ff8d0204"/>
	</include>
		<visible>!String.IsEmpty(ListItem.AddonBroken)</visible>
	</control>	
	<control type="button">	
		<height>22</height>			
		<width>auto</width>				
		<align>center</align>	
	<include content="petit_bouton">
		<param name="label" value="[UPPERCASE]$LOCALIZE[1223][/UPPERCASE]"/>
		<param name="textcolor" value="ffffffff"/>
		<param name="textoffsetx" value="15"/>
		<param name="texturenofocus" value="commun/bouton.png"/>
		<param name="texturenofocus_colordiffuse" value="ff8d0204"/>
	</include>
		<visible>String.StartsWith(Control.GetLabel(7),$LOCALIZE[24022]) + !String.StartsWith(Control.GetLabel(6),$LOCALIZE[24038])</visible>
	</control>
	<control type="label">
		<height>20</height>
		<font>texte_infos</font>
		<textcolor>80ffffff</textcolor><label>[B]$LOCALIZE[24068][/B]</label>
		<visible>ListItem.Property(Addon.HasUpdate)</visible>			
	</control>
	<control type="label">
		<height>20</height>
		<font>texte_infos</font>
		<textcolor>80ffffff</textcolor><label>[B]$LOCALIZE[31301][/B]</label>
		<visible>!ListItem.Property(Addon.HasUpdate)</visible>			
	</control>	
	</control>
	<control type="label">																														<description>titre 50</description>
		<top>166</top>
		<right>40</right>
		<width>500</width>
		<height>20</height>
		<align>right</align>
		<font>texte_infos</font>
		<label>[CAPITALIZE][B]$LOCALIZE[21371][/B][/CAPITALIZE]</label>
		<visible>!integer.isequal(container(50).numallitems,0)</visible>		
	</control>
	<control type="image" id="1">																												<description>ligne de separation liste des images</description>
		<top>196</top>
		<right>40</right>
		<width>550</width>
		<height>1</height>
		<aspectratio align="right">stretch</aspectratio>
		<texture colordiffuse="80ffffff">commun/texture.png</texture>
		<visible>!integer.isequal(container(50).numallitems,0)</visible>		
	</control>	
	<control type="image" id="1">																												<description>ligne de separation liste des disques</description>
		<top>538</top>
		<right>40</right>
		<width>550</width>
		<height>1</height>
		<aspectratio align="right">stretch</aspectratio>
		<texture colordiffuse="80ffffff">commun/texture.png</texture>
		<visible>!integer.isequal(container(50).numallitems,0)</visible>		
	</control>	
	<control type="panel" id="50">																												<description>liste des images</description>
		<top>198</top>
		<right>30</right>
		<width>560</width>
		<onleft>100</onleft>
		<height>340</height>
		<scrolltime tween="linear" easing="out">250</scrolltime>		   		
	<itemlayout height="170" width="280">	
	<control type="image">	
		<top>10</top>
		<width>280</width>
        <height>160</height>
        <aspectratio>keep</aspectratio>
		<texture background="true" border="10">$INFO[listItem.Icon]</texture>
		<bordertexture border="10">commun/tuiles.png</bordertexture>
		<bordersize>10,0,10,10</bordersize>			
	</control>
	</itemlayout>
	<focusedlayout height="170" width="280">
	<control type="image">	
		<top>5</top>
		<width>280</width>
        <height>160</height>
        <aspectratio>keep</aspectratio>
		<texture background="true" border="5">$INFO[listitem.icon]</texture>	
		<bordertexture border="5" colordiffuse="00000000">commun/selection_grise.png</bordertexture>		
		<bordersize>5,5,5,5</bordersize>			
	</control>		
	</focusedlayout>
	</control>
	<control type="grouplist" id="100">																											<description>boutons</description>				
		<top>190</top>		
		<left>40</left>
		<height>700</height>
		<width>100</width>
		<onright condition="control.isvisible(50)">50</onright>
		<itemgap>8</itemgap>
		<orientation>vertical</orientation>	
	<control type="radiobutton" id="106">
		<height>50</height>
		<texturenofocus colordiffuse="$VAR[gris]" border="25">commun/bouton.png</texturenofocus>
		<texturefocus colordiffuse="00000000" border="25">commun/bouton.png</texturefocus>
		<textureradioonfocus colordiffuse="ffffffff">icones/infos/corbeille.png</textureradioonfocus>
		<textureradioonnofocus colordiffuse="ffffffff">icones/infos/corbeille.png</textureradioonnofocus>
		<textureradioofffocus colordiffuse="ffffffff">icones/infos/install.png</textureradioofffocus>
		<textureradiooffnofocus colordiffuse="ffffffff">icones/infos/install.png</textureradiooffnofocus>
		<radioposx>20</radioposx>
		<radiowidth>60</radiowidth>
		<radioheight>60</radioheight>
		<selected>!String.StartsWith(Control.GetLabel(6),$LOCALIZE[24038])</selected>
		<onclick>SendClick(6)</onclick>
	</control>
	<control type="radiobutton" id="107">
		<height>50</height>
		<texturenofocus colordiffuse="$VAR[gris]" border="25">commun/bouton.png</texturenofocus>
		<texturefocus colordiffuse="$VAR[couleur_dominante]" border="25">commun/bouton.png</texturefocus>
		<textureradioonfocus colordiffuse="ffffffff">icones/infos/activer.png</textureradioonfocus>
		<textureradioonnofocus colordiffuse="ffffffff">icones/infos/activer.png</textureradioonnofocus>
		<textureradioofffocus colordiffuse="ffffffff">icones/infos/desactiver.png</textureradioofffocus>
		<textureradiooffnofocus colordiffuse="ffffffff">icones/infos/desactiver.png</textureradiooffnofocus>
		<radioposx>20</radioposx>
		<radiowidth>60</radiowidth>
		<radioheight>60</radioheight>
		<selected>String.StartsWith(Control.GetLabel(7),$LOCALIZE[24022])</selected>
		<onclick>SendClick(7)</onclick>
		<visible>!String.StartsWith(Control.GetLabel(6),])</visible>
	</control>
	<control type="radiobutton" id="108">
		<height>50</height>
		<texturenofocus colordiffuse="$VAR[gris]" border="25">commun/bouton.png</texturenofocus>
		<texturefocus colordiffuse="00000000" border="25">commun/bouton.png</texturefocus>
		<textureradioonfocus colordiffuse="ffffffff">icones/infos/update.png</textureradioonfocus>
		<textureradioonnofocus colordiffuse="ffffffff">icones/infos/update.png</textureradioonnofocus>
		<textureradioofffocus colordiffuse="ffffffff">icones/infos/update.png</textureradioofffocus>
		<textureradiooffnofocus colordiffuse="ffffffff">icones/infos/update.png</textureradiooffnofocus>
		<radioposx>20</radioposx>
		<radiowidth>60</radiowidth>
		<radioheight>60</radioheight>
		<onclick>SendClick(8)</onclick>
		<visible>!String.StartsWith(Control.GetLabel(6),$LOCALIZE[24038])</visible>
	</control>
	<control type="radiobutton" id="109">
		<height>50</height>
		<texturenofocus colordiffuse="$VAR[gris]" border="25">commun/bouton.png</texturenofocus>
		<texturefocus colordiffuse="00000000" border="25">commun/bouton.png</texturefocus>
		<textureradioonfocus colordiffuse="ffffffff">icones/infos/parametres.png</textureradioonfocus>
		<textureradioonnofocus colordiffuse="ffffffff">icones/infos/parametres.png</textureradioonnofocus>
		<textureradioofffocus colordiffuse="ffffffff">icones/infos/parametres.png</textureradioofffocus>
		<textureradiooffnofocus colordiffuse="ffffffff">icones/infos/parametres.png</textureradiooffnofocus>
		<radioposx>20</radioposx>
		<radiowidth>60</radiowidth>
		<radioheight>60</radioheight>
		<onclick>SendClick(9)</onclick>
		<visible>!String.StartsWith(Control.GetLabel(6),$LOCALIZE[24038])</visible>
	</control>
	<control type="radiobutton" id="110">
		<height>50</height>
		<texturenofocus colordiffuse="$VAR[gris]" border="25">commun/bouton.png</texturenofocus>
		<texturefocus colordiffuse="00000000" border="25">commun/bouton.png</texturefocus>
		<textureradioonfocus colordiffuse="ffffffff">icones/infos/dependances.png</textureradioonfocus>
		<textureradioonnofocus colordiffuse="ffffffff">icones/infos/dependances.png</textureradioonnofocus>
		<textureradioofffocus colordiffuse="ffffffff">icones/infos/dependances.png</textureradioofffocus>
		<textureradiooffnofocus colordiffuse="ffffffff">icones/infos/dependances.png</textureradiooffnofocus>
		<radioposx>20</radioposx>
		<radiowidth>60</radiowidth>
		<radioheight>60</radioheight>
		<onclick>SendClick(10)</onclick>
		<visible>control.isenabled(10) + !String.StartsWith(Control.GetLabel(6),$LOCALIZE[24038])</visible>
	</control>
	<control type="radiobutton" id="112">
		<height>50</height>
		<texturenofocus colordiffuse="$VAR[gris]" border="25">commun/bouton.png</texturenofocus>
		<texturefocus colordiffuse="00000000" border="25">commun/bouton.png</texturefocus>
		<textureradioonfocus colordiffuse="ffffffff">icones/infos/play.png</textureradioonfocus>
		<textureradioonnofocus colordiffuse="ffffffff">icones/infos/play.png</textureradioonnofocus>
		<textureradioofffocus colordiffuse="ffffffff">icones/infos/play.png</textureradioofffocus>
		<textureradiooffnofocus colordiffuse="ffffffff">icones/infos/play.png</textureradiooffnofocus>
		<radioposx>20</radioposx>
		<radiowidth>60</radiowidth>
		<radioheight>60</radioheight>
		<onclick>SendClick(12)</onclick>
	</control>
	<control type="radiobutton" id="13">
		<height>50</height>
		<texturenofocus colordiffuse="$VAR[gris]" border="25">commun/bouton.png</texturenofocus>
		<texturefocus colordiffuse="00000000" border="25">commun/bouton.png</texturefocus>
		<textureradioonfocus colordiffuse="ffffffff">icones/infos/auto_update.png</textureradioonfocus>
		<textureradioonnofocus colordiffuse="ffffffff">icones/infos/auto_update.png</textureradioonnofocus>
		<textureradioofffocus colordiffuse="ffffffff">icones/infos/no_auto_update.png</textureradioofffocus>
		<textureradiooffnofocus colordiffuse="ffffffff">icones/infos/no_auto_update.png</textureradiooffnofocus>
		<radioposx>20</radioposx>
		<radiowidth>60</radiowidth>
		<radioheight>60</radioheight>
		<selected>String.contains(Control.GetLabel(13),*)</selected>
		<visible>Control.IsEnabled(13)</visible>
	</control>
	</control>		
	<control type="textbox">																													<description>resume</description>		
		<top>601</top>
		<left>830</left>
		<height>398</height>
		<width>1020</width>
		<font>texte_resume</font>
		<align>justify</align>
		<label>[B]$INFO[ListItem.AddonSummary][/B][CR][CR]$INFO[listitem.AddonDescription][CR][CR][I]$INFO[ListItem.AddonDisclaimer][/I]</label>	
		<autoscroll delay="20000" time="3000" repeat="20000"></autoscroll>			
	</control>
	<control type="label">																														<description>aucun resume disponible</description>
		<top>601</top>
		<left>830</left>
		<height>398</height>
		<width>1020</width>
		<font>texte_resume</font>
		<align>center</align>
		<textcolor>80ffffff</textcolor>
		<label></label>		
		<visible>string.isempty(listitem.AddonDescription) + string.isempty(listitem.AddonSummary) + string.isempty(listitem.AddonDisclaimer)</visible>
	</control>
	<control type="grouplist">																													<description>legende boutons</description>																													<description>producteur/casting/realisateur/studio</description>
		<right>30</right>
		<top>550</top>
		<height>60</height>
		<width>1000</width>
		<align>right</align>
		<itemgap>-5</itemgap>
		<orientation>horizontal</orientation>
	<control type="image">																														<description>mpaa</description>		
		<width>60</width>
		<height>60</height>
		<aspectratio>keep</aspectratio>
		<texture colordiffuse="80ffffff">icones/infos/info.png</texture>		
	</control>	
	<control type="label">			
		<width>auto</width>
		<height>60</height>
		<textcolor>80ffffff</textcolor>
		<font>infos</font>
		<label></label>
	</control>	
	</control>
	</control>	
	<control type="group">																														<description>boutons caches</description>
		<top>1100</top>		
	<control type="button" id="6">		
    </control>	
	 <control type="button" id="7">		
    </control>	
	<control type="button" id="8">		
    </control>
	<control type="button" id="9">		
    </control>
    <control type="button" id="10">		
    </control>	
	<control type="button" id="12">		
    </control>	
	</control>
</controls>
</window>