<?xml version="1.0" encoding="UTF-8"?>
<fonts>
	<fontset id="Default" idloc="31390">
		<!-- Normal Fonts -->
		<font>
			<name>card18</name>
			<filename>RobotoCondensed-Regular.ttf</filename>
			<size>18</size>
		</font>
<font>
		<name>texte_infos</name>
		<filename>OpenSans-SemiBold.ttf</filename>
		<size>23</size>
	</font>
	<font>
		<name>texte_sms</name>
		<filename>OpenSans-SemiBold.ttf</filename>
		<size>15</size>
	</font>
	<font>
		<name>texte_resume</name>
		<filename>arial.ttf</filename>
		<size>24</size>
	</font>
	<font>
		<name>label_parametres</name>
		<filename>OpenSans-SemiBold.ttf</filename>
		<style>uppercase</style>
		<size>26</size>
	</font>
	<font>
		<name>menu</name>
		<filename>NotoSans-Bold.ttf</filename>
		<size>28</size>
	</font>		
	<font>
		<name>gros_titre</name>
		<filename>arial.ttf</filename>
		<style>bold</style>	
		<size>40</size>
	</font>
	<font>
		<name>titre</name>
		<filename>arial.ttf</filename>
		<size>28</size>
	</font>	
	<font>
		<name>titre_fenetre</name>
		<filename>arial.ttf</filename>
		<style>bold</style>			
		<size>28</size>
	</font>	
	<font>
		<name>label</name>
		<filename>arial.ttf</filename>
		<size>26</size>
	</font>
	<font>
		<name>infos</name>
		<filename>arial.ttf</filename>
		<size>22</size>
	</font>
	<font>
		<name>infos_photos</name>
		<filename>OpenSans-SemiBold.ttf</filename>
		<size>24</size>
	</font>
	<font>
		<name>texte</name>
		<filename>arial.ttf</filename>
		<size>24</size>
	</font>
	<font>
		<name>bouton</name>
		<filename>arial.ttf</filename>
		<size>18</size>
	</font>
	<font>
		<name>petit_texte</name>
		<filename>arial.ttf</filename>
		<size>18</size>
	</font>	
	<font>
		<name>pseudo_music</name>
		<filename>arial.ttf</filename>
		<size>9</size>
	</font>
	
	
	<!-- font original pour application -->
	<font>
		<name>font10</name>
		<filename>NotoSans-Regular.ttf</filename>
		<size>23</size>
		<style>lighten</style>
	</font>
	<font>
		<name>font12</name>
		<filename>NotoSans-Regular.ttf</filename>
		<size>25</size>
		<style>lighten</style>
	</font>
	<font>
		<name>font13</name>
		<filename>NotoSans-Regular.ttf</filename>
		<size>30</size>
		<style>lighten</style>
	</font>
	<font>
		<name>font14</name>
		<filename>NotoSans-Regular.ttf</filename>
		<size>33</size>
		<style>lighten</style>
	</font>
	<font>
		<name>font25_narrow</name>
		<filename>NotoSans-Regular.ttf</filename>
		<size>25</size>
		<style>lighten</style>
		<linespacing>0.8</linespacing>
	</font>
	<font>
		<name>font27</name>
		<filename>NotoSans-Regular.ttf</filename>
		<size>27</size>
		<style>lighten</style>
	</font>
	<font>
		<name>font27_narrow</name>
		<filename>NotoSans-Regular.ttf</filename>
		<size>25</size>
		<style>lighten</style>
		<linespacing>0.8</linespacing>
	</font>
	<font>
		<name>font37</name>
		<filename>NotoSans-Regular.ttf</filename>
		<size>37</size>
		<style>lighten</style>
	</font>
	<font>
		<name>font45</name>
		<filename>NotoSans-Regular.ttf</filename>
		<size>45</size>
		<style>lighten</style>
	</font>
	<font>
		<name>font60</name>
		<filename>NotoSans-Regular.ttf</filename>
		<size>60</size>
		<style>lighten</style>
	</font>
	<font>
		<name>font_clock</name>
		<filename>Roboto-Thin.ttf</filename>
		<size>70</size>
	</font>
	<font>
		<name>font_flag</name>
		<filename>NotoSans-Bold.ttf</filename>
		<size>18</size>
	</font>
	<font>
		<name>font20_title</name>
		<filename>NotoSans-Bold.ttf</filename>
		<size>20</size>
	</font>
	<font>
		<name>font25_title</name>
		<filename>NotoSans-Bold.ttf</filename>
		<size>25</size>
	</font>
	<font>
		<name>font30_title</name>
		<filename>NotoSans-Bold.ttf</filename>
		<size>30</size>
	</font>
	<font>
		<name>font32_title</name>
		<filename>NotoSans-Bold.ttf</filename>
		<size>32</size>
	</font>
	<font>
		<name>font36_title</name>
		<filename>NotoSans-Bold.ttf</filename>
		<size>36</size>
	</font>
	<font>
		<name>font45_title</name>
		<filename>NotoSans-Bold.ttf</filename>
		<size>45</size>
	</font>
	<font>
		<name>font52_title</name>
		<filename>NotoSans-Bold.ttf</filename>
		<size>52</size>
	</font>
	<font>
		<name>font_MainMenu</name>
		<filename>NotoSans-Bold.ttf</filename>
		<size>60</size>
	</font>
	<font>
		<name>WeatherTemp</name>
		<aspect>0.85</aspect>
		<filename>NotoSans-Bold.ttf</filename>
		<size>120</size>
	</font>
	<font>
		<name>Mono26</name>
		<filename>NotoMono-Regular.ttf</filename>
		<size>26</size>
	</font>
		<font>
			<name>card20</name>
			<filename>RobotoCondensed-Regular.ttf</filename>
			<size>20</size>
		</font>
		<font>
			<name>card22</name>
			<filename>RobotoCondensed-Regular.ttf</filename>
			<size>22</size>
		</font>
		<font>
			<name>card25</name>
			<filename>RobotoCondensed-Regular.ttf</filename>
			<size>25</size>
		</font>
		<font>
			<name>card26</name>
			<filename>RobotoCondensed-Regular.ttf</filename>
			<size>26</size>
		</font>
		
		<font>
			<name>card28</name>
			<filename>RobotoCondensed-Regular.ttf</filename>
			<size>28</size>
		</font>
		<font>
			<name>card30</name>
			<filename>RobotoCondensed-Regular.ttf</filename>
			<size>30</size>
		</font>
		
		<font>
			<name>card32</name>
			<filename>RobotoCondensed-Regular.ttf</filename>
			<size>32</size>
		</font>
		<font>
			<name>viewlabelunfocused</name>
			<filename>RobotoCondensed-Regular.ttf</filename>
			<size>22</size>
		</font>
		<font>
			<name>viewlabelfocused</name>
			<filename>RobotoCondensed-Regular.ttf</filename>
			<size>22</size>
		</font>


		<font>
			<name>card_condensed_30</name>
			<filename>RobotoCondensed-Regular.ttf</filename>
			<size>30</size>
		</font>
		<font>
			<name>card_condensed_32</name>
			<filename>RobotoCondensed-Regular.ttf</filename>
			<size>32</size>
		</font>
		<font>
			<name>card_condensed_40</name>
			<filename>RobotoCondensed-Regular.ttf</filename>
			<size>40</size>
		</font>
		<font>
			<name>card_condensed_48</name>
			<filename>RobotoCondensed-Regular.ttf</filename>
			<size>48</size>
		</font>
		<font>
			<name>card_condensedlight_32</name>
			<filename>RobotoCondensed-Light.ttf</filename>
			<size>32</size>
		</font>
		<font>
			<name>card_condensed_34</name>
			<filename>RobotoCondensed-Regular.ttf</filename>
			<size>34</size>
		</font>
		<font>
			<name>searchbox</name>
			<filename>Roboto-Light.ttf</filename>
			<size>36</size>
		</font>
		<font>
			<name>card_condensed_36</name>
			<filename>RobotoCondensed-Regular.ttf</filename>
			<size>36</size>
		</font>
		<font>
			<name>label50</name>
			<filename>Roboto-Regular.ttf</filename>
			<size>50</size>
		</font>
		<font>
			<name>label50_condensed</name>
			<filename>Roboto-Light.ttf</filename>
			<size>60</size>
		</font>
		
		<font>
			<name>label60</name>
			<filename>Roboto-Regular.ttf</filename>
			<size>60</size>
		</font>
		
		<font>
			<name>clock</name>
			<filename>Roboto-Regular.ttf</filename>
			<size>65</size>
		</font>
		<font>
		<name>searchtitle</name>
			<filename>Roboto-Italic.ttf</filename>
			<size>35</size>
		</font>
		<font>
		<name>searchtitle_focused</name>
			<filename>Roboto-Regular.ttf</filename>
			<size>35</size>
		</font>
		
		<font>
			<name>font10</name>
			<filename>Roboto-Regular.ttf</filename>
			<size>14</size>
		</font>
		
		<font>
			<name>font12</name>
			<filename>Roboto-Regular.ttf</filename>
			<size>17</size>
		</font>
		<font>
			<name>font13</name>
			<filename>Roboto-Regular.ttf</filename>
			<size>20</size>
		</font>
		<font>
			<name>font14</name>
			<filename>Roboto-Regular.ttf</filename>
			<size>22</size>
		</font>
		<font>
			<name>font16</name>
			<filename>Roboto-Regular.ttf</filename>
			<size>25</size>
		</font>
		<font>
			<name>font30</name>
			<filename>Roboto-Regular.ttf</filename>
			<size>30</size>
		</font>
		<font>
			<name>font35</name>
			<filename>Roboto-Regular.ttf</filename>
			<size>35</size>
		</font>
		<font>
			<name>font30t</name>
			<filename>Roboto-Light.ttf</filename>
			<size>30</size>
		</font>
		<font>
			<name>fontContextMenu</name>
			<filename>Roboto-Regular.ttf</filename>
			<size>18</size>
		</font>
		<!-- Title Fonts -->
		<font>
			<name>font10_title</name>
			<filename>Roboto-Bold.ttf</filename>
			<size>12</size>
		</font>
		<font>
			<name>font12_title</name>
			<filename>Roboto-Bold.ttf</filename>
			<size>17</size>
		</font>
		<font>
			<name>font13_title</name>
			<filename>Roboto-Bold.ttf</filename>
			<size>20</size>
		</font>
		<font>
			<name>font24_title</name>
			<filename>Roboto-Bold.ttf</filename>
			<size>24</size>
		</font>
		<font>
			<name>font28_title</name>
			<filename>Roboto-Bold.ttf</filename>
			<size>28</size>
		</font>
		<font>
			<name>font30_title</name>
			<filename>Roboto-Bold.ttf</filename>
			<size>30</size>
		</font>
		<font>
			<name>font35_title</name>
			<filename>Roboto-Bold.ttf</filename>
			<size>35</size>
		</font>
		<font>
			<name>font_MainMenu</name>
			<filename>Roboto-Bold.ttf</filename>
			<size>40</size>
		</font>
		<font>
			<name>WeatherTemp</name>
			<filename>Roboto-Bold.ttf</filename>
			<size>80</size>
		</font>
	</fontset>
	<fontset id="Massive" idloc="15110">
		<!-- Normal Fonts -->
		<font>
			<name>font10</name>
			<filename>Roboto-Regular.ttf</filename>
			<size>14</size>
		</font>
		<font>
			<name>font12</name>
			<filename>Roboto-Regular.ttf</filename>
			<size>23</size>
		</font>
		<font>
			<name>font13</name>
			<filename>Roboto-Regular.ttf</filename>
			<size>25</size>
		</font>
		<font>
			<name>font14</name>
			<filename>Roboto-Regular.ttf</filename>
			<size>25</size>
		</font>
		<font>
			<name>font16</name>
			<filename>Roboto-Regular.ttf</filename>
			<size>25</size>
		</font>
		<font>
			<name>font30</name>
			<filename>Roboto-Regular.ttf</filename>
			<size>30</size>
		</font>
		<font>
			<name>fontContextMenu</name>
			<filename>Roboto-Regular.ttf</filename>
			<size>25</size>
		</font>
		<!-- Title Fonts -->
		<font>
			<name>font10_title</name>
			<filename>Roboto-Bold.ttf</filename>
			<size>12</size>
		</font>
		<font>
			<name>font12_title</name>
			<filename>Roboto-Bold.ttf</filename>
			<size>17</size>
		</font>
		<font>
			<name>font13_title</name>
			<filename>Roboto-Bold.ttf</filename>
			<size>20</size>
		</font>
		<font>
			<name>font24_title</name>
			<filename>Roboto-Bold.ttf</filename>
			<size>24</size>
		</font>
		<font>
			<name>font28_title</name>
			<filename>Roboto-Bold.ttf</filename>
			<size>28</size>
		</font>
		<font>
			<name>font30_title</name>
			<filename>Roboto-Bold.ttf</filename>
			<size>30</size>
		</font>
		<font>
			<name>font35_title</name>
			<filename>Roboto-Bold.ttf</filename>
			<size>35</size>
		</font>
		<font>
			<name>font_MainMenu</name>
			<filename>Roboto-Bold.ttf</filename>
			<size>40</size>
		</font>
		<font>
			<name>WeatherTemp</name>
			<filename>Roboto-Bold.ttf</filename>
			<size>80</size>
		</font>
	</fontset>
	<fontset id="DefaultNoCaps" idloc="31391">
		<!-- Normal Fonts -->
		<font>
			<name>font10</name>
			<filename>Roboto-Regular.ttf</filename>
			<size>14</size>
		</font>
		<font>
			<name>font12</name>
			<filename>Roboto-Regular.ttf</filename>
			<size>17</size>
		</font>
		<font>
			<name>font13</name>
			<filename>Roboto-Regular.ttf</filename>
			<size>20</size>
		</font>
		<font>
			<name>font14</name>
			<filename>Roboto-Regular.ttf</filename>
			<size>22</size>
		</font>
		<font>
			<name>font16</name>
			<filename>Roboto-Regular.ttf</filename>
			<size>25</size>
		</font>
		<font>
			<name>font30</name>
			<filename>Roboto-Regular.ttf</filename>
			<size>30</size>
		</font>
		<font>
			<name>fontContextMenu</name>
			<filename>Roboto-Regular.ttf</filename>
			<size>18</size>
		</font>
		<!-- Title Fonts -->
		<font>
			<name>font10_title</name>
			<filename>Roboto-Bold.ttf</filename>
			<size>12</size>
		</font>
		<font>
			<name>font12_title</name>
			<filename>Roboto-Bold.ttf</filename>
			<size>17</size>
		</font>
		<font>
			<name>font13_title</name>
			<filename>Roboto-Bold.ttf</filename>
			<size>20</size>
		</font>
		<font>
			<name>font24_title</name>
			<filename>Roboto-Bold.ttf</filename>
			<size>24</size>
		</font>
		<font>
			<name>font28_title</name>
			<filename>Roboto-Bold.ttf</filename>
			<size>28</size>
		</font>
		<font>
			<name>font30_title</name>
			<filename>Roboto-Bold.ttf</filename>
			<size>30</size>
		</font>
		<font>
			<name>font35_title</name>
			<filename>Roboto-Bold.ttf</filename>
			<size>35</size>
		</font>
		<font>
			<name>font_MainMenu</name>
			<filename>Roboto-Bold.ttf</filename>
			<size>40</size>
		</font>
		<font>
			<name>WeatherTemp</name>
			<filename>Roboto-Bold.ttf</filename>
			<size>80</size>
		</font>
	</fontset>
	<fontset id="Arial" idloc="31392">
		<!-- Arial Font better for non English -->
		<font>
			<name>font10</name>
			<filename>arial.ttf</filename>
			<size>12</size>
		</font>
		<font>
			<name>font12</name>
			<filename>arial.ttf</filename>
			<size>15</size>
		</font>
		<font>
			<name>font13</name>
			<filename>arial.ttf</filename>
			<size>18</size>
		</font>
		<font>
			<name>font14</name>
			<filename>arial.ttf</filename>
			<size>20</size>
		</font>
		<font>
			<name>font16</name>
			<filename>arial.ttf</filename>
			<size>23</size>
		</font>
		<font>
			<name>font30</name>
			<filename>arial.ttf</filename>
			<size>28</size>
		</font>
		<font>
			<name>fontContextMenu</name>
			<filename>arial.ttf</filename>
			<size>16</size>
		</font>
		<!-- Title Fonts -->
		<font>
			<name>font10_title</name>
			<filename>arial.ttf</filename>
			<size>10</size>
			<style>bold</style>
		</font>
		<font>
			<name>font12_title</name>
			<filename>arial.ttf</filename>
			<size>15</size>
			<style>bold</style>
		</font>
		<font>
			<name>font13_title</name>
			<filename>arial.ttf</filename>
			<size>18</size>
			<style>bold</style>
		</font>
		<font>
			<name>font24_title</name>
			<filename>arial.ttf</filename>
			<size>22</size>
			<style>bold</style>
		</font>
		<font>
			<name>font28_title</name>
			<filename>arial.ttf</filename>
			<size>26</size>
			<style>bold</style>
		</font>
		<font>
			<name>font30_title</name>
			<filename>arial.ttf</filename>
			<size>28</size>
			<style>bold</style>
		</font>
		<font>
			<name>font35_title</name>
			<filename>arial.ttf</filename>
			<size>33</size>
			<style>bold</style>
		</font>
		<font>
			<name>font_MainMenu</name>
			<filename>arial.ttf</filename>
			<size>35</size>
			<style>bold</style>
		</font>
		<font>
			<name>WeatherTemp</name>
			<filename>arial.ttf</filename>
			<size>80</size>
			<style>bold</style>
		</font>
	</fontset>
</fonts>
